공시연도,대표학교코드,학교코드,학교명,본분교명,대학구분,학교종류,설립유형,지역명,학교상태,입학정원(학부),재학생수(학부),신입생경쟁률(학부),신입생충원율(학부),신입생충원율(학부)_기준년도,재학생충원율,재학생충원율_확보상태,raw_source_url
2026,0000579,0000579,ICT폴리텍대학,본교,전문대학,기능대학,사립,경기,기존,160,260,2.1,83.8,2025,,대학주요정보 엔드포인트 미제공: StudentService API 또는 학생 현황 원자료 필요,https://www.academyinfo.go.kr/main/main2130/selectSchlList.do
2026,0002748,0002749,가야대학교(고령),제2캠퍼스,대학,대학교,사립,경북,기존,0,0,0,0.0,2025,,대학주요정보 엔드포인트 미제공: StudentService API 또는 학생 현황 원자료 필요,https://www.academyinfo.go.kr/main/main2130/selectSchlList.do
2026,0002748,0002748,가야대학교(김해),본교,대학,대학교,사립,경남,기존,405,1610,5.2,95.1,2025,,대학주요정보 엔드포인트 미제공: StudentService API 또는 학생 현황 원자료 필요,https://www.academyinfo.go.kr/main/main2130/selectSchlList.do
2026,0000063,0000063,가천대학교,본교,대학,대학교,사립,경기,기존,4071,22520,22.9,100.0,2025,,대학주요정보 엔드포인트 미제공: StudentService API 또는 학생 현황 원자료 필요,https://www.academyinfo.go.kr/main/main2130/selectSchlList.do
2026,0000072,0000072,가톨릭관동대학교,본교,대학,대학교,사립,강원,기존,1815,5229,4.9,82.7,2025,,대학주요정보 엔드포인트 미제공: StudentService API 또는 학생 현황 원자료 필요,https://www.academyinfo.go.kr/main/main2130/selectSchlList.do
2026,0000215,0000215,가톨릭꽃동네대학교,본교,대학,대학교,사립,충북,기존,108,418,5.3,96.4,2025,,대학주요정보 엔드포인트 미제공: StudentService API 또는 학생 현황 원자료 필요,https://www.academyinfo.go.kr/main/main2130/selectSchlList.do
2026,0000046,0000049,가톨릭대학교,제3캠퍼스,대학,대학교,사립,서울,기존,50,197,1.7,100.0,2025,,대학주요정보 엔드포인트 미제공: StudentService API 또는 학생 현황 원자료 필요,https://www.academyinfo.go.kr/main/main2130/selectSchlList.do
2026,0000046,0000048,가톨릭대학교,제2캠퍼스,대학,대학교,사립,서울,기존,173,912,29.4,100.0,2025,,대학주요정보 엔드포인트 미제공: StudentService API 또는 학생 현황 원자료 필요,https://www.academyinfo.go.kr/main/main2130/selectSchlList.do
2026,0000046,0000046,가톨릭대학교,본교,대학,대학교,사립,경기,기존,1574,7843,15.6,100.0,2025,,대학주요정보 엔드포인트 미제공: StudentService API 또는 학생 현황 원자료 필요,https://www.academyinfo.go.kr/main/main2130/selectSchlList.do
2026,0000410,0000410,가톨릭상지대학교,본교,전문대학,전문대학,사립,경북,기존,516,1732,3.8,94.8,2025,,대학주요정보 엔드포인트 미제공: StudentService API 또는 학생 현황 원자료 필요,https://www.academyinfo.go.kr/main/main2130/selectSchlList.do
2026,0000050,0000050,감리교신학대학교,본교,대학,대학교,사립,서울,기존,192,564,1.9,100.0,2025,,대학주요정보 엔드포인트 미제공: StudentService API 또는 학생 현황 원자료 필요,https://www.academyinfo.go.kr/main/main2130/selectSchlList.do
2026,0000051,0000051,강남대학교,본교,대학,대학교,사립,경기,기존,1491,6522,8.4,100.0,2025,,대학주요정보 엔드포인트 미제공: StudentService API 또는 학생 현황 원자료 필요,https://www.academyinfo.go.kr/main/main2130/selectSchlList.do
2026,0000433,0000433,강동대학교,본교,전문대학,전문대학,사립,충북,기존,1191,3376,3.2,95.3,2025,,대학주요정보 엔드포인트 미제공: StudentService API 또는 학생 현황 원자료 필요,https://www.academyinfo.go.kr/main/main2130/selectSchlList.do
2026,0000514,0000514,강릉영동대학교,본교,전문대학,전문대학,사립,강원,기존,774,3144,2.7,83.4,2025,,대학주요정보 엔드포인트 미제공: StudentService API 또는 학생 현황 원자료 필요,https://www.academyinfo.go.kr/main/main2130/selectSchlList.do
2026,0000079,0000079,강서대학교,본교,대학,대학교,사립,서울,기존,277,1742,10.4,100.0,2025,,대학주요정보 엔드포인트 미제공: StudentService API 또는 학생 현황 원자료 필요,https://www.academyinfo.go.kr/main/main2130/selectSchlList.do
2026,0000548,0000548,강원관광대학교,본교,전문대학,전문대학,사립,강원,폐교,0,0,0,0.0,2025,,대학주요정보 엔드포인트 미제공: StudentService API 또는 학생 현황 원자료 필요,https://www.academyinfo.go.kr/main/main2130/selectSchlList.do
2026,0000003,0003364,강원대학교,제4캠퍼스,대학,대학교,국립,강원,신설,0,0,0,0.0,-,,대학주요정보 엔드포인트 미제공: StudentService API 또는 학생 현황 원자료 필요,https://www.academyinfo.go.kr/main/main2130/selectSchlList.do
2026,0000003,0000003,강원대학교,본교,대학,대학교,국립,강원,기존,3197,14157,9.3,100.0,2025,,대학주요정보 엔드포인트 미제공: StudentService API 또는 학생 현황 원자료 필요,https://www.academyinfo.go.kr/main/main2130/selectSchlList.do
2026,0000003,0000004,강원대학교,제2캠퍼스,대학,대학교,국립,강원,기존,1309,4817,5.3,100.0,2025,,대학주요정보 엔드포인트 미제공: StudentService API 또는 학생 현황 원자료 필요,https://www.academyinfo.go.kr/main/main2130/selectSchlList.do
2026,0000003,0003363,강원대학교,제3캠퍼스,대학,대학교,국립,강원,신설,0,0,0,0.0,-,,대학주요정보 엔드포인트 미제공: StudentService API 또는 학생 현황 원자료 필요,https://www.academyinfo.go.kr/main/main2130/selectSchlList.do
2026,0002639,0002639,강원도립대학교,본교,전문대학,전문대학,공립,강원,기존,314,583,3.1,100.0,2025,,대학주요정보 엔드포인트 미제공: StudentService API 또는 학생 현황 원자료 필요,https://www.academyinfo.go.kr/main/main2130/selectSchlList.do
2026,0000663,0000663,개신대학원대학교,본교,대학원대학,전문대학원,사립,서울,기존,40,273,-,105.0,2025,,대학주요정보 엔드포인트 미제공: StudentService API 또는 학생 현황 원자료 필요,https://www.academyinfo.go.kr/main/main2130/selectSchlList.do
2026,0000412,0000412,거제대학교,본교,전문대학,전문대학,사립,경남,기존,357,1072,4.8,100.0,2025,,대학주요정보 엔드포인트 미제공: StudentService API 또는 학생 현황 원자료 필요,https://www.academyinfo.go.kr/main/main2130/selectSchlList.do
2026,0000052,0000052,건국대학교,본교,대학,대학교,사립,서울,기존,3000,15960,21.7,99.9,2025,,대학주요정보 엔드포인트 미제공: StudentService API 또는 학생 현황 원자료 필요,https://www.academyinfo.go.kr/main/main2130/selectSchlList.do
2026,0000052,0000053,건국대학교(글로컬),분교,대학,대학교,사립,충북,기존,1629,7190,10.8,99.9,2025,,대학주요정보 엔드포인트 미제공: StudentService API 또는 학생 현황 원자료 필요,https://www.academyinfo.go.kr/main/main2130/selectSchlList.do
2026,0000643,0000643,건신대학원대학교,본교,대학원대학,전문대학원,사립,대전,기존,90,164,-,84.4,2025,,대학주요정보 엔드포인트 미제공: StudentService API 또는 학생 현황 원자료 필요,https://www.academyinfo.go.kr/main/main2130/selectSchlList.do
2026,0000054,0000054,건양대학교,본교,대학,대학교,사립,충남,기존,667,2531,5.1,99.4,2025,,대학주요정보 엔드포인트 미제공: StudentService API 또는 학생 현황 원자료 필요,https://www.academyinfo.go.kr/main/main2130/selectSchlList.do
2026,0000054,0000055,건양대학교,제2캠퍼스,대학,대학교,사립,대전,기존,1015,3841,6.8,99.8,2025,,대학주요정보 엔드포인트 미제공: StudentService API 또는 학생 현황 원자료 필요,https://www.academyinfo.go.kr/main/main2130/selectSchlList.do
2026,0000335,0000335,건양사이버대학교,본교,대학,사이버대학(대학),사립,대전,기존,1068,4078,1.2,77.1,2025,,대학주요정보 엔드포인트 미제공: StudentService API 또는 학생 현황 원자료 필요,https://www.academyinfo.go.kr/main/main2130/selectSchlList.do
2026,0000560,0000560,경기과학기술대학교,본교,전문대학,전문대학,사립,경기,기존,1330,3919,6.6,92.7,2025,,대학주요정보 엔드포인트 미제공: StudentService API 또는 학생 현황 원자료 필요,https://www.academyinfo.go.kr/main/main2130/selectSchlList.do
2026,0000056,0000058,경기대학교,제2캠퍼스,대학,대학교,사립,서울,기존,328,1841,25.5,100.0,2025,,대학주요정보 엔드포인트 미제공: StudentService API 또는 학생 현황 원자료 필요,https://www.academyinfo.go.kr/main/main2130/selectSchlList.do
2026,0000056,0000056,경기대학교,본교,대학,대학교,사립,경기,기존,2618,11891,13.1,99.4,2025,,대학주요정보 엔드포인트 미제공: StudentService API 또는 학생 현황 원자료 필요,https://www.academyinfo.go.kr/main/main2130/selectSchlList.do
2026,0000035,0000035,경남과학기술대학교,본교,대학,대학교,국립,경남,폐교,0,1285,0,0.0,2025,,대학주요정보 엔드포인트 미제공: StudentService API 또는 학생 현황 원자료 필요,https://www.academyinfo.go.kr/main/main2130/selectSchlList.do
2026,0000059,0000059,경남대학교,본교,대학,대학교,사립,경남,기존,1960,8352,4.8,96.3,2025,,대학주요정보 엔드포인트 미제공: StudentService API 또는 학생 현황 원자료 필요,https://www.academyinfo.go.kr/main/main2130/selectSchlList.do
2026,0000402,0000402,경남도립거창대학,본교,전문대학,전문대학,공립,경남,폐교,344,845,3.1,100.0,2025,,대학주요정보 엔드포인트 미제공: StudentService API 또는 학생 현황 원자료 필요,https://www.academyinfo.go.kr/main/main2130/selectSchlList.do
2026,0000403,0000403,경남도립남해대학,본교,전문대학,전문대학,공립,경남,폐교,340,798,3.1,100.0,2025,,대학주요정보 엔드포인트 미제공: StudentService API 또는 학생 현황 원자료 필요,https://www.academyinfo.go.kr/main/main2130/selectSchlList.do
2026,0002640,0002640,경남정보대학교,본교,전문대학,전문대학,사립,부산,기존,1965,5418,6,81.0,2025,,대학주요정보 엔드포인트 미제공: StudentService API 또는 학생 현황 원자료 필요,https://www.academyinfo.go.kr/main/main2130/selectSchlList.do
2026,0000060,0002573,경동대학교,제2캠퍼스,대학,대학교,사립,강원,기존,0,0,0,0.0,2025,,대학주요정보 엔드포인트 미제공: StudentService API 또는 학생 현황 원자료 필요,https://www.academyinfo.go.kr/main/main2130/selectSchlList.do
2026,0000060,0002574,경동대학교,제3캠퍼스,대학,대학교,사립,강원,기존,842,3566,5.8,99.9,2025,,대학주요정보 엔드포인트 미제공: StudentService API 또는 학생 현황 원자료 필요,https://www.academyinfo.go.kr/main/main2130/selectSchlList.do
2026,0000060,0000060,경동대학교,본교,대학,대학교,사립,강원,기존,0,1126,0,0.0,2025,,대학주요정보 엔드포인트 미제공: StudentService API 또는 학생 현황 원자료 필요,https://www.academyinfo.go.kr/main/main2130/selectSchlList.do
2026,0000060,0002744,경동대학교,제4캠퍼스,대학,대학교,사립,경기,기존,713,2453,6.7,100.0,2025,,대학주요정보 엔드포인트 미제공: StudentService API 또는 학생 현황 원자료 필요,https://www.academyinfo.go.kr/main/main2130/selectSchlList.do
2026,0000416,0000416,경민대학교,본교,전문대학,전문대학,사립,경기,기존,1470,5112,5.8,99.4,2025,,대학주요정보 엔드포인트 미제공: StudentService API 또는 학생 현황 원자료 필요,https://www.academyinfo.go.kr/main/main2130/selectSchlList.do
2026,0002641,0002641,경복대학교,본교,전문대학,전문대학,사립,경기,기존,1786,6253,9.3,97.7,2025,,대학주요정보 엔드포인트 미제공: StudentService API 또는 학생 현황 원자료 필요,https://www.academyinfo.go.kr/main/main2130/selectSchlList.do
2026,0000456,0000456,경북과학대학교,본교,전문대학,전문대학,사립,경북,기존,667,2266,1.9,100.0,2025,,대학주요정보 엔드포인트 미제공: StudentService API 또는 학생 현황 원자료 필요,https://www.academyinfo.go.kr/main/main2130/selectSchlList.do
2026,0000005,0000005,경북대학교,본교,대학,대학교,국립,대구,기존,5269,22562,11.3,99.9,2025,,대학주요정보 엔드포인트 미제공: StudentService API 또는 학생 현황 원자료 필요,https://www.academyinfo.go.kr/main/main2130/selectSchlList.do
2026,0000405,0000405,경북도립대학교,본교,전문대학,전문대학,공립,경북,폐교,0,358,0,0.0,2025,,대학주요정보 엔드포인트 미제공: StudentService API 또는 학생 현황 원자료 필요,https://www.academyinfo.go.kr/main/main2130/selectSchlList.do
2026,0000438,0000438,경북보건대학교,본교,전문대학,전문대학,사립,경북,기존,356,1306,5,94.9,2025,,대학주요정보 엔드포인트 미제공: StudentService API 또는 학생 현황 원자료 필요,https://www.academyinfo.go.kr/main/main2130/selectSchlList.do
2026,0002642,0002642,경북전문대학교,본교,전문대학,전문대학,사립,경북,기존,796,2605,3.7,81.2,2025,,대학주요정보 엔드포인트 미제공: StudentService API 또는 학생 현황 원자료 필요,https://www.academyinfo.go.kr/main/main2130/selectSchlList.do
2026,0000007,0000007,경상국립대학교,본교,대학,대학교,국립,경남,기존,4452,16424,6.9,100.0,2025,,대학주요정보 엔드포인트 미제공: StudentService API 또는 학생 현황 원자료 필요,https://www.academyinfo.go.kr/main/main2130/selectSchlList.do
2026,0000062,0000062,경성대학교,본교,대학,대학교,사립,부산,기존,2765,12568,6.5,99.7,2025,,대학주요정보 엔드포인트 미제공: StudentService API 또는 학생 현황 원자료 필요,https://www.academyinfo.go.kr/main/main2130/selectSchlList.do
2026,0000668,0000668,경안대학원대학교,본교,대학원대학,전문대학원,사립,경북,기존,50,64,-,56.0,2025,,대학주요정보 엔드포인트 미제공: StudentService API 또는 학생 현황 원자료 필요,https://www.academyinfo.go.kr/main/main2130/selectSchlList.do
2026,0000244,0000244,경운대학교,본교,대학,대학교,사립,경북,기존,1184,5074,4.1,99.9,2025,,대학주요정보 엔드포인트 미제공: StudentService API 또는 학생 현황 원자료 필요,https://www.academyinfo.go.kr/main/main2130/selectSchlList.do
2026,0000285,0000285,경운대학교(산업대),본교,대학,산업대학,사립,경북,폐교,0,0,0,0.0,2025,,대학주요정보 엔드포인트 미제공: StudentService API 또는 학생 현황 원자료 필요,https://www.academyinfo.go.kr/main/main2130/selectSchlList.do
2026,0000256,0000256,경인교육대학교,본교,대학,교육대학,국립,인천,기존,526,1132,5.7,99.2,2025,,대학주요정보 엔드포인트 미제공: StudentService API 또는 학생 현황 원자료 필요,https://www.academyinfo.go.kr/main/main2130/selectSchlList.do
2026,0000256,0000257,경인교육대학교,제2캠퍼스,대학,교육대학,국립,경기,기존,0,1161,0,0.0,2025,,대학주요정보 엔드포인트 미제공: StudentService API 또는 학생 현황 원자료 필요,https://www.academyinfo.go.kr/main/main2130/selectSchlList.do
2026,0000422,0000422,경인여자대학교,본교,전문대학,전문대학,사립,인천,기존,1305,3623,7.5,96.6,2025,,대학주요정보 엔드포인트 미제공: StudentService API 또는 학생 현황 원자료 필요,https://www.academyinfo.go.kr/main/main2130/selectSchlList.do
2026,0000064,0000064,경일대학교,본교,대학,대학교,사립,경북,기존,1521,6930,4.9,100.0,2025,,대학주요정보 엔드포인트 미제공: StudentService API 또는 학생 현황 원자료 필요,https://www.academyinfo.go.kr/main/main2130/selectSchlList.do
2026,0000066,0000066,경희대학교,본교,대학,대학교,사립,서울,기존,4873,25573,16.2,99.6,2025,,대학주요정보 엔드포인트 미제공: StudentService API 또는 학생 현황 원자료 필요,https://www.academyinfo.go.kr/main/main2130/selectSchlList.do
2026,0000318,0000318,경희사이버대학교,본교,대학,사이버대학(대학),사립,서울,기존,3000,10615,.8,63.8,2025,,대학주요정보 엔드포인트 미제공: StudentService API 또는 학생 현황 원자료 필요,https://www.academyinfo.go.kr/main/main2130/selectSchlList.do
2026,0000068,0000068,계명대학교,본교,대학,대학교,사립,대구,기존,4663,20491,7.2,100.0,2025,,대학주요정보 엔드포인트 미제공: StudentService API 또는 학생 현황 원자료 필요,https://www.academyinfo.go.kr/main/main2130/selectSchlList.do
2026,0000425,0000425,계명문화대학교,본교,전문대학,전문대학,사립,대구,기존,2018,4449,4.4,94.6,2025,,대학주요정보 엔드포인트 미제공: StudentService API 또는 학생 현황 원자료 필요,https://www.academyinfo.go.kr/main/main2130/selectSchlList.do
2026,0002643,0002643,계약신학대학원대학교,본교,대학원대학,전문대학원,사립,경기,폐교,0,0,-,0.0,2025,,대학주요정보 엔드포인트 미제공: StudentService API 또는 학생 현황 원자료 필요,https://www.academyinfo.go.kr/main/main2130/selectSchlList.do
2026,0000426,0000426,계원예술대학교,본교,전문대학,전문대학,사립,경기,기존,994,2753,5,100.0,2025,,대학주요정보 엔드포인트 미제공: StudentService API 또는 학생 현황 원자료 필요,https://www.academyinfo.go.kr/main/main2130/selectSchlList.do
2026,0000069,0000069,고려대학교,본교,대학,대학교,사립,서울,기존,4142,21772,14.7,98.9,2025,,대학주요정보 엔드포인트 미제공: StudentService API 또는 학생 현황 원자료 필요,https://www.academyinfo.go.kr/main/main2130/selectSchlList.do
2026,0000069,0000070,고려대학교(세종),분교,대학,대학교,사립,세종,기존,1626,6714,8.6,100.0,2025,,대학주요정보 엔드포인트 미제공: StudentService API 또는 학생 현황 원자료 필요,https://www.academyinfo.go.kr/main/main2130/selectSchlList.do
2026,0000328,0000328,고려사이버대학교,본교,대학,사이버대학(대학),사립,서울,기존,2449,10301,1.8,92.4,2025,,대학주요정보 엔드포인트 미제공: StudentService API 또는 학생 현황 원자료 필요,https://www.academyinfo.go.kr/main/main2130/selectSchlList.do
2026,0000071,0000071,고신대학교,본교,대학,대학교,사립,부산,기존,753,3263,6.8,98.5,2025,,대학주요정보 엔드포인트 미제공: StudentService API 또는 학생 현황 원자료 필요,https://www.academyinfo.go.kr/main/main2130/selectSchlList.do
2026,0000251,0000251,공주교육대학교,본교,대학,교육대학,국립,충남,기존,354,1365,5,100.0,2025,,대학주요정보 엔드포인트 미제공: StudentService API 또는 학생 현황 원자료 필요,https://www.academyinfo.go.kr/main/main2130/selectSchlList.do
2026,0000664,0000664,과학기술연합대학원대학교,본교,대학원대학,전문대학원,기타,대전,기존,390,1542,-,90.5,2025,,대학주요정보 엔드포인트 미제공: StudentService API 또는 학생 현황 원자료 필요,https://www.academyinfo.go.kr/main/main2130/selectSchlList.do
2026,0000073,0000073,광신대학교,본교,대학,대학교,사립,광주,기존,105,436,1.4,100.0,2025,,대학주요정보 엔드포인트 미제공: StudentService API 또는 학생 현황 원자료 필요,https://www.academyinfo.go.kr/main/main2130/selectSchlList.do
2026,0000428,0000428,광양보건대학교,본교,전문대학,전문대학,사립,전남,기존,373,114,.5,11.5,2025,,대학주요정보 엔드포인트 미제공: StudentService API 또는 학생 현황 원자료 필요,https://www.academyinfo.go.kr/main/main2130/selectSchlList.do
2026,0000074,0000074,광운대학교,본교,대학,대학교,사립,서울,기존,1823,8414,14.3,99.7,2025,,대학주요정보 엔드포인트 미제공: StudentService API 또는 학생 현황 원자료 필요,https://www.academyinfo.go.kr/main/main2130/selectSchlList.do
2026,0000075,0000075,광주가톨릭대학교,본교,대학,대학교,사립,전남,기존,40,61,.6,50.0,2025,,대학주요정보 엔드포인트 미제공: StudentService API 또는 학생 현황 원자료 필요,https://www.academyinfo.go.kr/main/main2130/selectSchlList.do
2026,0000381,0000381,광주과학기술원,본교,대학,대학교,특별법법인,광주,기존,200,920,18.3,111.0,2025,,대학주요정보 엔드포인트 미제공: StudentService API 또는 학생 현황 원자료 필요,https://www.academyinfo.go.kr/main/main2130/selectSchlList.do
2026,0000252,0000252,광주교육대학교,본교,대학,교육대학,국립,광주,기존,326,1257,4.7,99.7,2025,,대학주요정보 엔드포인트 미제공: StudentService API 또는 학생 현황 원자료 필요,https://www.academyinfo.go.kr/main/main2130/selectSchlList.do
2026,0000231,0000231,광주대학교,본교,대학,대학교,사립,광주,기존,1363,4900,5.7,90.6,2025,,대학주요정보 엔드포인트 미제공: StudentService API 또는 학생 현황 원자료 필요,https://www.academyinfo.go.kr/main/main2130/selectSchlList.do
2026,0000429,0000429,광주보건대학교,본교,전문대학,전문대학,사립,광주,기존,1105,3546,4.4,93.4,2025,,대학주요정보 엔드포인트 미제공: StudentService API 또는 학생 현황 원자료 필요,https://www.academyinfo.go.kr/main/main2130/selectSchlList.do
2026,0000076,0000076,광주여자대학교,본교,대학,대학교,사립,광주,기존,912,3239,4.3,97.4,2025,,대학주요정보 엔드포인트 미제공: StudentService API 또는 학생 현황 원자료 필요,https://www.academyinfo.go.kr/main/main2130/selectSchlList.do
2026,0000430,0000430,구미대학교,본교,전문대학,전문대학,사립,경북,기존,1351,6249,3.8,100.0,2025,,대학주요정보 엔드포인트 미제공: StudentService API 또는 학생 현황 원자료 필요,https://www.academyinfo.go.kr/main/main2130/selectSchlList.do
2026,0002857,0002857,구세군사관대학원대학교,본교,대학원대학,특수대학원,사립,경기,기존,40,19,-,15.0,2025,,대학주요정보 엔드포인트 미제공: StudentService API 또는 학생 현황 원자료 필요,https://www.academyinfo.go.kr/main/main2130/selectSchlList.do
2026,0000571,0000571,구세군사관학교,본교,전문대학,각종학교(전문),사립,경기,폐교,0,0,0,0.0,2025,,대학주요정보 엔드포인트 미제공: StudentService API 또는 학생 현황 원자료 필요,https://www.academyinfo.go.kr/main/main2130/selectSchlList.do
2026,0000001,0000002,국립강릉원주대학교,제2캠퍼스,대학,대학교,국립,강원,폐교,489,1958,7.4,99.8,2025,,대학주요정보 엔드포인트 미제공: StudentService API 또는 학생 현황 원자료 필요,https://www.academyinfo.go.kr/main/main2130/selectSchlList.do
2026,0000001,0000001,국립강릉원주대학교,본교,대학,대학교,국립,강원,폐교,1241,4723,6.8,99.2,2025,,대학주요정보 엔드포인트 미제공: StudentService API 또는 학생 현황 원자료 필요,https://www.academyinfo.go.kr/main/main2130/selectSchlList.do
2026,0000021,0000021,국립경국대학교,본교,대학,대학교,국립,경북,기존,1539,4602,3.6,90.3,2025,,대학주요정보 엔드포인트 미제공: StudentService API 또는 학생 현황 원자료 필요,https://www.academyinfo.go.kr/main/main2130/selectSchlList.do
2026,0000008,0000008,국립공주대학교,본교,대학,대학교,국립,충남,기존,2815,12357,9.2,100.0,2025,,대학주요정보 엔드포인트 미제공: StudentService API 또는 학생 현황 원자료 필요,https://www.academyinfo.go.kr/main/main2130/selectSchlList.do
2026,0000009,0000009,국립군산대학교,본교,대학,대학교,국립,전북,기존,1723,6221,4.4,100.0,2025,,대학주요정보 엔드포인트 미제공: StudentService API 또는 학생 현황 원자료 필요,https://www.academyinfo.go.kr/main/main2130/selectSchlList.do
2026,0000010,0000010,국립금오공과대학교,본교,대학,대학교,국립,경북,기존,1239,4895,5,99.6,2025,,대학주요정보 엔드포인트 미제공: StudentService API 또는 학생 현황 원자료 필요,https://www.academyinfo.go.kr/main/main2130/selectSchlList.do
2026,0000011,0000011,국립목포대학교,본교,대학,대학교,국립,전남,기존,1484,5664,5.5,99.9,2025,,대학주요정보 엔드포인트 미제공: StudentService API 또는 학생 현황 원자료 필요,https://www.academyinfo.go.kr/main/main2130/selectSchlList.do
2026,0000011,0003312,국립목포대학교(담양캠퍼스),제2캠퍼스,대학,대학교,국립,전남,기존,0,0,0,0.0,-,,대학주요정보 엔드포인트 미제공: StudentService API 또는 학생 현황 원자료 필요,https://www.academyinfo.go.kr/main/main2130/selectSchlList.do
2026,0000012,0000012,국립목포해양대학교,본교,대학,대학교,국립,전남,기존,692,2646,7.2,99.9,2025,,대학주요정보 엔드포인트 미제공: StudentService API 또는 학생 현황 원자료 필요,https://www.academyinfo.go.kr/main/main2130/selectSchlList.do
2026,0000013,0000013,국립부경대학교,본교,대학,대학교,국립,부산,기존,3338,15131,8.9,99.8,2025,,대학주요정보 엔드포인트 미제공: StudentService API 또는 학생 현황 원자료 필요,https://www.academyinfo.go.kr/main/main2130/selectSchlList.do
2026,0000020,0000020,국립순천대학교,본교,대학,대학교,국립,전남,기존,1573,6352,5.2,99.7,2025,,대학주요정보 엔드포인트 미제공: StudentService API 또는 학생 현황 원자료 필요,https://www.academyinfo.go.kr/main/main2130/selectSchlList.do
2026,0002928,0002928,국립암센터국제암대학원대학교,본교,대학원대학,전문대학원,특별법법인,경기,기존,30,70,-,100.0,2025,,대학주요정보 엔드포인트 미제공: StudentService API 또는 학생 현황 원자료 필요,https://www.academyinfo.go.kr/main/main2130/selectSchlList.do
2026,0000028,0000028,국립창원대학교,본교,대학,대학교,국립,경남,기존,1742,7401,6.5,99.5,2025,,대학주요정보 엔드포인트 미제공: StudentService API 또는 학생 현황 원자료 필요,https://www.academyinfo.go.kr/main/main2130/selectSchlList.do
2026,0000028,0003297,국립창원대학교(거창캠퍼스),제2캠퍼스,대학,대학교,국립,경남,기존,0,0,0,0.0,2025,,대학주요정보 엔드포인트 미제공: StudentService API 또는 학생 현황 원자료 필요,https://www.academyinfo.go.kr/main/main2130/selectSchlList.do
2026,0000028,0003298,국립창원대학교(남해캠퍼스),제3캠퍼스,대학,대학교,국립,경남,신설,0,0,0,0.0,2025,,대학주요정보 엔드포인트 미제공: StudentService API 또는 학생 현황 원자료 필요,https://www.academyinfo.go.kr/main/main2130/selectSchlList.do
2026,0000034,0000034,국립한국교통대학교,본교,대학,대학교,국립,충북,기존,1911,7950,6.9,99.9,2025,,대학주요정보 엔드포인트 미제공: StudentService API 또는 학생 현황 원자료 필요,https://www.academyinfo.go.kr/main/main2130/selectSchlList.do
2026,0000033,0000033,국립한국해양대학교,본교,대학,대학교,국립,부산,기존,1372,6326,8,100.0,2025,,대학주요정보 엔드포인트 미제공: StudentService API 또는 학생 현황 원자료 필요,https://www.academyinfo.go.kr/main/main2130/selectSchlList.do
2026,0000039,0000039,국립한밭대학교,본교,대학,대학교,국립,대전,기존,1901,8243,8.7,98.8,2025,,대학주요정보 엔드포인트 미제공: StudentService API 또는 학생 현황 원자료 필요,https://www.academyinfo.go.kr/main/main2130/selectSchlList.do
2026,0000078,0000078,국민대학교,본교,대학,대학교,사립,서울,기존,2966,14502,11.6,99.8,2025,,대학주요정보 엔드포인트 미제공: StudentService API 또는 학생 현황 원자료 필요,https://www.academyinfo.go.kr/main/main2130/selectSchlList.do
2026,0000657,0000657,국제뇌교육종합대학원대학교,본교,대학원대학,전문대학원,사립,충남,기존,130,280,-,110.8,2025,,대학주요정보 엔드포인트 미제공: StudentService API 또는 학생 현황 원자료 필요,https://www.academyinfo.go.kr/main/main2130/selectSchlList.do
2026,0000549,0000549,국제대학교,본교,전문대학,전문대학,사립,경기,기존,1155,2216,6.1,67.4,2025,,대학주요정보 엔드포인트 미제공: StudentService API 또는 학생 현황 원자료 필요,https://www.academyinfo.go.kr/main/main2130/selectSchlList.do
2026,0000655,0000655,국제법률경영대학원대학교,본교,대학원대학,전문대학원,사립,경기,기존,106,39,-,0.0,2025,,대학주요정보 엔드포인트 미제공: StudentService API 또는 학생 현황 원자료 필요,https://www.academyinfo.go.kr/main/main2130/selectSchlList.do
2026,0000319,0000319,국제사이버대학교,본교,대학,사이버대학(대학),사립,경기,기존,900,3649,1.4,100.0,2025,,대학주요정보 엔드포인트 미제공: StudentService API 또는 학생 현황 원자료 필요,https://www.academyinfo.go.kr/main/main2130/selectSchlList.do
2026,0000656,0000656,국제언어대학원대학교,본교,대학원대학,전문대학원,사립,서울,기존,50,212,-,66.0,2025,,대학주요정보 엔드포인트 미제공: StudentService API 또는 학생 현황 원자료 필요,https://www.academyinfo.go.kr/main/main2130/selectSchlList.do
2026,0002971,0002971,군산간호대학교,본교,전문대학,전문대학,사립,전북,기존,221,1094,5.1,100.0,2025,,대학주요정보 엔드포인트 미제공: StudentService API 또는 학생 현황 원자료 필요,https://www.academyinfo.go.kr/main/main2130/selectSchlList.do
2026,0000432,0000432,군장대학교,본교,전문대학,전문대학,사립,전북,기존,635,2084,1.9,93.5,2025,,대학주요정보 엔드포인트 미제공: StudentService API 또는 학생 현황 원자료 필요,https://www.academyinfo.go.kr/main/main2130/selectSchlList.do
2026,0000080,0000080,극동대학교,본교,대학,대학교,사립,충북,기존,900,3165,4.1,81.9,2025,,대학주요정보 엔드포인트 미제공: StudentService API 또는 학생 현황 원자료 필요,https://www.academyinfo.go.kr/main/main2130/selectSchlList.do
2026,0000334,0000334,글로벌사이버대학교,본교,대학,사이버대학(대학),사립,충남,기존,1040,2457,.9,67.6,2025,,대학주요정보 엔드포인트 미제공: StudentService API 또는 학생 현황 원자료 필요,https://www.academyinfo.go.kr/main/main2130/selectSchlList.do
2026,0000224,0000224,금강대학교,본교,대학,대학교,사립,충남,기존,110,62,.4,10.0,2025,,대학주요정보 엔드포인트 미제공: StudentService API 또는 학생 현황 원자료 필요,https://www.academyinfo.go.kr/main/main2130/selectSchlList.do
2026,0002972,0002972,기독간호대학교,본교,전문대학,전문대학,사립,광주,기존,135,602,6.9,100.0,2025,,대학주요정보 엔드포인트 미제공: StudentService API 또는 학생 현황 원자료 필요,https://www.academyinfo.go.kr/main/main2130/selectSchlList.do
2026,0000241,0000241,김천대학교,본교,대학,대학교,사립,경북,기존,634,2319,4.3,97.2,2025,,대학주요정보 엔드포인트 미제공: StudentService API 또는 학생 현황 원자료 필요,https://www.academyinfo.go.kr/main/main2130/selectSchlList.do
2026,0000440,0000440,김포대학교,본교,전문대학,전문대학,사립,경기,기존,1085,2567,6.4,100.0,2025,,대학주요정보 엔드포인트 미제공: StudentService API 또는 학생 현황 원자료 필요,https://www.academyinfo.go.kr/main/main2130/selectSchlList.do
2026,0000569,0000569,김해대학교,본교,전문대학,전문대학,사립,경남,기존,464,1347,4.8,87.3,2025,,대학주요정보 엔드포인트 미제공: StudentService API 또는 학생 현황 원자료 필요,https://www.academyinfo.go.kr/main/main2130/selectSchlList.do
2026,0000081,0000081,나사렛대학교,본교,대학,대학교,사립,충남,기존,1171,4494,5.1,99.9,2025,,대학주요정보 엔드포인트 미제공: StudentService API 또는 학생 현황 원자료 필요,https://www.academyinfo.go.kr/main/main2130/selectSchlList.do
2026,0000435,0000435,나주대학교,본교,전문대학,전문대학,사립,전남,기존,800,1605,1.1,91.1,2025,,대학주요정보 엔드포인트 미제공: StudentService API 또는 학생 현황 원자료 필요,https://www.academyinfo.go.kr/main/main2130/selectSchlList.do
2026,0000216,0000216,남부대학교,본교,대학,대학교,사립,광주,기존,617,2364,5,99.2,2025,,대학주요정보 엔드포인트 미제공: StudentService API 또는 학생 현황 원자료 필요,https://www.academyinfo.go.kr/main/main2130/selectSchlList.do
2026,0000245,0000245,남서울대학교,본교,대학,대학교,사립,충남,기존,2202,8922,7,100.0,2025,,대학주요정보 엔드포인트 미제공: StudentService API 또는 학생 현황 원자료 필요,https://www.academyinfo.go.kr/main/main2130/selectSchlList.do
2026,0000276,0000276,남서울대학교(산업대),본교,대학,산업대학,사립,충남,폐교,0,0,0,0.0,2025,,대학주요정보 엔드포인트 미제공: StudentService API 또는 학생 현황 원자료 필요,https://www.academyinfo.go.kr/main/main2130/selectSchlList.do
2026,0000441,0000441,농협대학교,본교,전문대학,전문대학,사립,경기,기존,58,380,11.3,100.0,2025,,대학주요정보 엔드포인트 미제공: StudentService API 또는 학생 현황 원자료 필요,https://www.academyinfo.go.kr/main/main2130/selectSchlList.do
2026,0002818,0002818,능인대학원대학교,본교,대학원대학,전문대학원,사립,경기,기존,40,59,-,82.5,2025,,대학주요정보 엔드포인트 미제공: StudentService API 또는 학생 현황 원자료 필요,https://www.academyinfo.go.kr/main/main2130/selectSchlList.do
2026,0000082,0000082,단국대학교,본교,대학,대학교,사립,경기,기존,2275,11372,14.9,99.6,2025,,대학주요정보 엔드포인트 미제공: StudentService API 또는 학생 현황 원자료 필요,https://www.academyinfo.go.kr/main/main2130/selectSchlList.do
2026,0000082,0002726,단국대학교,제2캠퍼스,대학,대학교,사립,충남,기존,2391,10548,10.1,99.5,2025,,대학주요정보 엔드포인트 미제공: StudentService API 또는 학생 현황 원자료 필요,https://www.academyinfo.go.kr/main/main2130/selectSchlList.do
2026,0000442,0000442,대경대학교,본교,전문대학,전문대학,사립,경북,기존,1422,3793,3.6,95.7,2025,,대학주요정보 엔드포인트 미제공: StudentService API 또는 학생 현황 원자료 필요,https://www.academyinfo.go.kr/main/main2130/selectSchlList.do
2026,0000088,0000088,대구가톨릭대학교,본교,대학,대학교,사립,경북,기존,2508,11320,6.9,99.9,2025,,대학주요정보 엔드포인트 미제공: StudentService API 또는 학생 현황 원자료 필요,https://www.academyinfo.go.kr/main/main2130/selectSchlList.do
2026,0000382,0000382,대구경북과학기술원,본교,대학,대학교,특별법법인,대구,기존,200,921,28.5,96.5,2025,,대학주요정보 엔드포인트 미제공: StudentService API 또는 학생 현황 원자료 필요,https://www.academyinfo.go.kr/main/main2130/selectSchlList.do
2026,0000443,0000443,대구공업대학교,본교,전문대학,전문대학,사립,대구,기존,530,1278,2.4,100.0,2025,,대학주요정보 엔드포인트 미제공: StudentService API 또는 학생 현황 원자료 필요,https://www.academyinfo.go.kr/main/main2130/selectSchlList.do
2026,0000446,0000446,대구과학대학교,본교,전문대학,전문대학,사립,대구,기존,1539,4379,4.3,100.0,2025,,대학주요정보 엔드포인트 미제공: StudentService API 또는 학생 현황 원자료 필요,https://www.academyinfo.go.kr/main/main2130/selectSchlList.do
2026,0000253,0000253,대구교육대학교,본교,대학,교육대학,국립,대구,기존,383,1514,5.8,99.7,2025,,대학주요정보 엔드포인트 미제공: StudentService API 또는 학생 현황 원자료 필요,https://www.academyinfo.go.kr/main/main2130/selectSchlList.do
2026,0000084,0000084,대구대학교,본교,대학,대학교,사립,경북,기존,3850,15459,5.3,99.8,2025,,대학주요정보 엔드포인트 미제공: StudentService API 또는 학생 현황 원자료 필요,https://www.academyinfo.go.kr/main/main2130/selectSchlList.do
2026,0002644,0002644,대구미래대학교,본교,전문대학,전문대학,사립,경북,폐교,0,0,0,0.0,2025,,대학주요정보 엔드포인트 미제공: StudentService API 또는 학생 현황 원자료 필요,https://www.academyinfo.go.kr/main/main2130/selectSchlList.do
2026,0000444,0000444,대구보건대학교,본교,전문대학,전문대학,사립,대구,기존,2120,6580,7,96.7,2025,,대학주요정보 엔드포인트 미제공: StudentService API 또는 학생 현황 원자료 필요,https://www.academyinfo.go.kr/main/main2130/selectSchlList.do
2026,0000320,0000320,대구사이버대학교,본교,대학,사이버대학(대학),사립,경북,기존,1500,3212,.6,35.7,2025,,대학주요정보 엔드포인트 미제공: StudentService API 또는 학생 현황 원자료 필요,https://www.academyinfo.go.kr/main/main2130/selectSchlList.do
2026,0000087,0000087,대구예술대학교,본교,대학,대학교,사립,경북,기존,300,250,.6,6.0,2025,,대학주요정보 엔드포인트 미제공: StudentService API 또는 학생 현황 원자료 필요,https://www.academyinfo.go.kr/main/main2130/selectSchlList.do
2026,0000225,0000225,대구외국어대학교,본교,대학,대학교,사립,경북,폐교,0,0,0,0.0,2025,,대학주요정보 엔드포인트 미제공: StudentService API 또는 학생 현황 원자료 필요,https://www.academyinfo.go.kr/main/main2130/selectSchlList.do
2026,0000061,0000061,대구한의대학교,본교,대학,대학교,사립,경북,기존,1400,6961,6,99.9,2025,,대학주요정보 엔드포인트 미제공: StudentService API 또는 학생 현황 원자료 필요,https://www.academyinfo.go.kr/main/main2130/selectSchlList.do
2026,0000546,0000546,대덕대학교,본교,전문대학,전문대학,사립,대전,기존,1209,1590,2.4,62.4,2025,,대학주요정보 엔드포인트 미제공: StudentService API 또는 학생 현황 원자료 필요,https://www.academyinfo.go.kr/main/main2130/selectSchlList.do
2026,0000447,0000447,대동대학교,본교,전문대학,전문대학,사립,부산,기존,398,1487,7.5,92.0,2025,,대학주요정보 엔드포인트 미제공: StudentService API 또는 학생 현황 원자료 필요,https://www.academyinfo.go.kr/main/main2130/selectSchlList.do
2026,0000448,0000448,대림대학교,본교,전문대학,전문대학,사립,경기,기존,2214,6713,6.4,98.6,2025,,대학주요정보 엔드포인트 미제공: StudentService API 또는 학생 현황 원자료 필요,https://www.academyinfo.go.kr/main/main2130/selectSchlList.do
2026,0000093,0000093,대신대학교,본교,대학,대학교,사립,경북,기존,150,1335,2.5,100.0,2025,,대학주요정보 엔드포인트 미제공: StudentService API 또는 학생 현황 원자료 필요,https://www.academyinfo.go.kr/main/main2130/selectSchlList.do
2026,0000449,0000449,대원대학교,본교,전문대학,전문대학,사립,충북,기존,737,1957,4.1,67.9,2025,,대학주요정보 엔드포인트 미제공: StudentService API 또는 학생 현황 원자료 필요,https://www.academyinfo.go.kr/main/main2130/selectSchlList.do
2026,0000094,0000094,대전가톨릭대학교,본교,대학,대학교,사립,세종,기존,40,35,.4,30.0,2025,,대학주요정보 엔드포인트 미제공: StudentService API 또는 학생 현황 원자료 필요,https://www.academyinfo.go.kr/main/main2130/selectSchlList.do
2026,0000453,0000453,대전과학기술대학교,본교,전문대학,전문대학,사립,대전,기존,1272,3991,4.8,100.0,2025,,대학주요정보 엔드포인트 미제공: StudentService API 또는 학생 현황 원자료 필요,https://www.academyinfo.go.kr/main/main2130/selectSchlList.do
2026,0000095,0000095,대전대학교,본교,대학,대학교,사립,대전,기존,1782,7823,6.8,99.9,2025,,대학주요정보 엔드포인트 미제공: StudentService API 또는 학생 현황 원자료 필요,https://www.academyinfo.go.kr/main/main2130/selectSchlList.do
2026,0000451,0000451,대전보건대학교,본교,전문대학,전문대학,사립,대전,기존,1422,4116,7.1,94.2,2025,,대학주요정보 엔드포인트 미제공: StudentService API 또는 학생 현황 원자료 필요,https://www.academyinfo.go.kr/main/main2130/selectSchlList.do
2026,0000238,0000238,대전신학대학교,본교,대학,대학교,사립,대전,기존,32,48,.5,34.4,2025,,대학주요정보 엔드포인트 미제공: StudentService API 또는 학생 현황 원자료 필요,https://www.academyinfo.go.kr/main/main2130/selectSchlList.do
2026,0000097,0000097,대진대학교,본교,대학,대학교,사립,경기,기존,1737,7751,6.2,99.9,2025,,대학주요정보 엔드포인트 미제공: StudentService API 또는 학생 현황 원자료 필요,https://www.academyinfo.go.kr/main/main2130/selectSchlList.do
2026,0000641,0000641,대한신학대학원대학교,본교,대학원대학,전문대학원,사립,경기,기존,62,243,-,98.4,2025,,대학주요정보 엔드포인트 미제공: StudentService API 또는 학생 현황 원자료 필요,https://www.academyinfo.go.kr/main/main2130/selectSchlList.do
2026,0000099,0000099,덕성여자대학교,본교,대학,대학교,사립,서울,기존,1215,5566,15.5,100.0,2025,,대학주요정보 엔드포인트 미제공: StudentService API 또는 학생 현황 원자료 필요,https://www.academyinfo.go.kr/main/main2130/selectSchlList.do
2026,0000460,0000460,동강대학교,본교,전문대학,전문대학,사립,광주,기존,945,2330,2.7,91.8,2025,,대학주요정보 엔드포인트 미제공: StudentService API 또는 학생 현황 원자료 필요,https://www.academyinfo.go.kr/main/main2130/selectSchlList.do
2026,0000100,0000100,동국대학교,본교,대학,대학교,사립,서울,기존,2836,13841,18.7,99.9,2025,,대학주요정보 엔드포인트 미제공: StudentService API 또는 학생 현황 원자료 필요,https://www.academyinfo.go.kr/main/main2130/selectSchlList.do
2026,0000100,0000101,동국대학교(WISE),분교,대학,대학교,사립,경북,기존,1825,6898,6.3,99.9,2025,,대학주요정보 엔드포인트 미제공: StudentService API 또는 학생 현황 원자료 필요,https://www.academyinfo.go.kr/main/main2130/selectSchlList.do
2026,0000457,0000457,동남보건대학교,본교,전문대학,전문대학,사립,경기,기존,1315,4633,10.8,100.0,2025,,대학주요정보 엔드포인트 미제공: StudentService API 또는 학생 현황 원자료 필요,https://www.academyinfo.go.kr/main/main2130/selectSchlList.do
2026,0000102,0000102,동덕여자대학교,본교,대학,대학교,사립,서울,기존,1577,6392,15.8,99.9,2025,,대학주요정보 엔드포인트 미제공: StudentService API 또는 학생 현황 원자료 필요,https://www.academyinfo.go.kr/main/main2130/selectSchlList.do
2026,0000235,0000235,동명대학교,본교,대학,대학교,사립,부산,기존,1424,6761,5.8,97.1,2025,,대학주요정보 엔드포인트 미제공: StudentService API 또는 학생 현황 원자료 필요,https://www.academyinfo.go.kr/main/main2130/selectSchlList.do
2026,0000669,0000669,동방문화대학원대학교,본교,대학원대학,전문대학원,사립,서울,기존,66,327,-,115.2,2025,,대학주요정보 엔드포인트 미제공: StudentService API 또는 학생 현황 원자료 필요,https://www.academyinfo.go.kr/main/main2130/selectSchlList.do
2026,0000459,0000459,동부산대학교,본교,전문대학,전문대학,사립,부산,폐교,0,0,0,0.0,2025,,대학주요정보 엔드포인트 미제공: StudentService API 또는 학생 현황 원자료 필요,https://www.academyinfo.go.kr/main/main2130/selectSchlList.do
2026,0000103,0000103,동서대학교,본교,대학,대학교,사립,부산,기존,2094,8582,5.2,100.2,2025,,대학주요정보 엔드포인트 미제공: StudentService API 또는 학생 현황 원자료 필요,https://www.academyinfo.go.kr/main/main2130/selectSchlList.do
2026,0000450,0000450,동서울대학교,본교,전문대학,전문대학,사립,경기,기존,2289,5754,7.7,100.0,2025,,대학주요정보 엔드포인트 미제공: StudentService API 또는 학생 현황 원자료 필요,https://www.academyinfo.go.kr/main/main2130/selectSchlList.do
2026,0000104,0000104,동신대학교,본교,대학,대학교,사립,전남,기존,1459,5571,4,93.5,2025,,대학주요정보 엔드포인트 미제공: StudentService API 또는 학생 현황 원자료 필요,https://www.academyinfo.go.kr/main/main2130/selectSchlList.do
2026,0000105,0000105,동아대학교,본교,대학,대학교,사립,부산,기존,4159,17634,6.3,99.9,2025,,대학주요정보 엔드포인트 미제공: StudentService API 또는 학생 현황 원자료 필요,https://www.academyinfo.go.kr/main/main2130/selectSchlList.do
2026,0000461,0000461,동아방송예술대학교,본교,전문대학,전문대학,사립,경기,기존,823,3015,17.5,100.0,2025,,대학주요정보 엔드포인트 미제공: StudentService API 또는 학생 현황 원자료 필요,https://www.academyinfo.go.kr/main/main2130/selectSchlList.do
2026,0000462,0000462,동아보건대학교,본교,전문대학,전문대학,사립,전남,기존,350,804,2.3,78.6,2025,,대학주요정보 엔드포인트 미제공: StudentService API 또는 학생 현황 원자료 필요,https://www.academyinfo.go.kr/main/main2130/selectSchlList.do
2026,0000106,0000106,동양대학교,본교,대학,대학교,사립,경북,기존,1010,4241,5.4,100.0,2025,,대학주요정보 엔드포인트 미제공: StudentService API 또는 학생 현황 원자료 필요,https://www.academyinfo.go.kr/main/main2130/selectSchlList.do
2026,0000463,0000463,동양미래대학교,본교,전문대학,전문대학,사립,서울,기존,2135,5617,7,99.1,2025,,대학주요정보 엔드포인트 미제공: StudentService API 또는 학생 현황 원자료 필요,https://www.academyinfo.go.kr/main/main2130/selectSchlList.do
2026,0000464,0000464,동우대학,본교,전문대학,전문대학,사립,강원,폐교,0,0,0,0.0,2025,,대학주요정보 엔드포인트 미제공: StudentService API 또는 학생 현황 원자료 필요,https://www.academyinfo.go.kr/main/main2130/selectSchlList.do
2026,0000509,0000509,동원과학기술대학교,본교,전문대학,전문대학,사립,경남,기존,699,2247,4,91.8,2025,,대학주요정보 엔드포인트 미제공: StudentService API 또는 학생 현황 원자료 필요,https://www.academyinfo.go.kr/main/main2130/selectSchlList.do
2026,0000465,0000465,동원대학교,본교,전문대학,전문대학,사립,경기,기존,1260,3539,5,100.0,2025,,대학주요정보 엔드포인트 미제공: StudentService API 또는 학생 현황 원자료 필요,https://www.academyinfo.go.kr/main/main2130/selectSchlList.do
2026,0000466,0000466,동의과학대학교,본교,전문대학,전문대학,사립,부산,기존,1258,4050,8.1,94.8,2025,,대학주요정보 엔드포인트 미제공: StudentService API 또는 학생 현황 원자료 필요,https://www.academyinfo.go.kr/main/main2130/selectSchlList.do
2026,0000107,0000107,동의대학교,본교,대학,대학교,사립,부산,기존,3589,14302,5.2,100.0,2025,,대학주요정보 엔드포인트 미제공: StudentService API 또는 학생 현황 원자료 필요,https://www.academyinfo.go.kr/main/main2130/selectSchlList.do
2026,0000469,0000469,두원공과대학교,본교,전문대학,전문대학,사립,경기,기존,1436,2105,5.1,58.6,2025,,대학주요정보 엔드포인트 미제공: StudentService API 또는 학생 현황 원자료 필요,https://www.academyinfo.go.kr/main/main2130/selectSchlList.do
2026,0000330,0000330,디지털서울문화예술대학교,본교,대학,사이버대학(대학),사립,서울,기존,990,2854,3.1,80.1,2025,,대학주요정보 엔드포인트 미제공: StudentService API 또는 학생 현황 원자료 필요,https://www.academyinfo.go.kr/main/main2130/selectSchlList.do
2026,0000108,0000108,루터대학교,본교,대학,대학교,사립,경기,기존,85,300,3.3,100.0,2025,,대학주요정보 엔드포인트 미제공: StudentService API 또는 학생 현황 원자료 필요,https://www.academyinfo.go.kr/main/main2130/selectSchlList.do
2026,0000470,0000470,마산대학교,본교,전문대학,전문대학,사립,경남,기존,1856,4922,6.2,82.3,2025,,대학주요정보 엔드포인트 미제공: StudentService API 또는 학생 현황 원자료 필요,https://www.academyinfo.go.kr/main/main2130/selectSchlList.do
2026,0000109,0000111,명지대학교,제2캠퍼스,대학,대학교,사립,서울,기존,1263,7530,12.4,99.9,2025,,대학주요정보 엔드포인트 미제공: StudentService API 또는 학생 현황 원자료 필요,https://www.academyinfo.go.kr/main/main2130/selectSchlList.do
2026,0000109,0000109,명지대학교,본교,대학,대학교,사립,경기,기존,1264,5741,11.3,99.9,2025,,대학주요정보 엔드포인트 미제공: StudentService API 또는 학생 현황 원자료 필요,https://www.academyinfo.go.kr/main/main2130/selectSchlList.do
2026,0000473,0000473,명지전문대학,본교,전문대학,전문대학,사립,서울,기존,2491,6571,11,100.0,2025,,대학주요정보 엔드포인트 미제공: StudentService API 또는 학생 현황 원자료 필요,https://www.academyinfo.go.kr/main/main2130/selectSchlList.do
2026,0000112,0000112,목원대학교,본교,대학,대학교,사립,대전,기존,1840,7390,6.3,100.0,2025,,대학주요정보 엔드포인트 미제공: StudentService API 또는 학생 현황 원자료 필요,https://www.academyinfo.go.kr/main/main2130/selectSchlList.do
2026,0000221,0000221,목포가톨릭대학교,본교,대학,대학교,사립,전남,기존,120,463,4,94.2,2025,,대학주요정보 엔드포인트 미제공: StudentService API 또는 학생 현황 원자료 필요,https://www.academyinfo.go.kr/main/main2130/selectSchlList.do
2026,0000474,0000474,목포과학대학교,본교,전문대학,전문대학,사립,전남,기존,897,2423,2,91.6,2025,,대학주요정보 엔드포인트 미제공: StudentService API 또는 학생 현황 원자료 필요,https://www.academyinfo.go.kr/main/main2130/selectSchlList.do
2026,0000475,0000475,문경대학교,본교,전문대학,전문대학,사립,경북,기존,259,630,3.6,68.0,2025,,대학주요정보 엔드포인트 미제공: StudentService API 또는 학생 현황 원자료 필요,https://www.academyinfo.go.kr/main/main2130/selectSchlList.do
2026,0000113,0000113,배재대학교,본교,대학,대학교,사립,대전,기존,1798,7344,6.6,100.0,2025,,대학주요정보 엔드포인트 미제공: StudentService API 또는 학생 현황 원자료 필요,https://www.academyinfo.go.kr/main/main2130/selectSchlList.do
2026,0000476,0000476,배화여자대학교,본교,전문대학,전문대학,사립,서울,기존,1070,2646,7.5,100.0,2025,,대학주요정보 엔드포인트 미제공: StudentService API 또는 학생 현황 원자료 필요,https://www.academyinfo.go.kr/main/main2130/selectSchlList.do
2026,0000178,0000178,백석대학교,본교,대학,대학교,사립,충남,기존,2790,11574,8,100.0,2025,,대학주요정보 엔드포인트 미제공: StudentService API 또는 학생 현황 원자료 필요,https://www.academyinfo.go.kr/main/main2130/selectSchlList.do
2026,0000543,0000543,백석문화대학교,본교,전문대학,전문대학,사립,충남,기존,1393,3644,5.5,90.8,2025,,대학주요정보 엔드포인트 미제공: StudentService API 또는 학생 현황 원자료 필요,https://www.academyinfo.go.kr/main/main2130/selectSchlList.do
2026,0000477,0000477,백제예술대학교,본교,전문대학,전문대학,사립,전북,기존,387,663,2.7,87.9,2025,,대학주요정보 엔드포인트 미제공: StudentService API 또는 학생 현황 원자료 필요,https://www.academyinfo.go.kr/main/main2130/selectSchlList.do
2026,0000642,0000642,베뢰아국제대학원대학교,본교,대학원대학,전문대학원,사립,서울,기존,40,34,-,27.5,2025,,대학주요정보 엔드포인트 미제공: StudentService API 또는 학생 현황 원자료 필요,https://www.academyinfo.go.kr/main/main2130/selectSchlList.do
2026,0000114,0000114,부산가톨릭대학교,본교,대학,대학교,사립,부산,기존,705,3449,7.1,99.4,2025,,대학주요정보 엔드포인트 미제공: StudentService API 또는 학생 현황 원자료 필요,https://www.academyinfo.go.kr/main/main2130/selectSchlList.do
2026,0000479,0000479,부산경상대학교,본교,전문대학,전문대학,사립,부산,기존,840,1517,2.5,61.3,2025,,대학주요정보 엔드포인트 미제공: StudentService API 또는 학생 현황 원자료 필요,https://www.academyinfo.go.kr/main/main2130/selectSchlList.do
2026,0000481,0000481,부산과학기술대학교,본교,전문대학,전문대학,사립,부산,기존,1194,3981,6,94.4,2025,,대학주요정보 엔드포인트 미제공: StudentService API 또는 학생 현황 원자료 필요,https://www.academyinfo.go.kr/main/main2130/selectSchlList.do
2026,0000254,0000254,부산교육대학교,본교,대학,교육대학,국립,부산,기존,313,1368,5.2,99.4,2025,,대학주요정보 엔드포인트 미제공: StudentService API 또는 학생 현황 원자료 필요,https://www.academyinfo.go.kr/main/main2130/selectSchlList.do
2026,0000014,0000014,부산대학교,본교,대학,대학교,국립,부산,기존,4498,19900,9,99.8,2025,,대학주요정보 엔드포인트 미제공: StudentService API 또는 학생 현황 원자료 필요,https://www.academyinfo.go.kr/main/main2130/selectSchlList.do
2026,0000321,0000321,부산디지털대학교,본교,대학,사이버대학(대학),사립,부산,기존,1000,2859,1.1,82.2,2025,,대학주요정보 엔드포인트 미제공: StudentService API 또는 학생 현황 원자료 필요,https://www.academyinfo.go.kr/main/main2130/selectSchlList.do
2026,0000467,0000467,부산보건대학교,본교,전문대학,전문대학,사립,부산,기존,788,2367,8.5,85.5,2025,,대학주요정보 엔드포인트 미제공: StudentService API 또는 학생 현황 원자료 필요,https://www.academyinfo.go.kr/main/main2130/selectSchlList.do
2026,0000480,0000480,부산여자대학교,본교,전문대학,전문대학,사립,부산,기존,618,1774,4.9,96.4,2025,,대학주요정보 엔드포인트 미제공: StudentService API 또는 학생 현황 원자료 필요,https://www.academyinfo.go.kr/main/main2130/selectSchlList.do
2026,0000561,0000561,부산예술대학교,본교,전문대학,전문대학,사립,부산,기존,343,481,2,39.4,2025,,대학주요정보 엔드포인트 미제공: StudentService API 또는 학생 현황 원자료 필요,https://www.academyinfo.go.kr/main/main2130/selectSchlList.do
2026,0000115,0000115,부산외국어대학교,본교,대학,대학교,사립,부산,기존,1470,6471,3.6,100.1,2025,,대학주요정보 엔드포인트 미제공: StudentService API 또는 학생 현황 원자료 필요,https://www.academyinfo.go.kr/main/main2130/selectSchlList.do
2026,0000222,0000222,부산장신대학교,본교,대학,대학교,사립,경남,기존,32,125,1.8,100.0,2025,,대학주요정보 엔드포인트 미제공: StudentService API 또는 학생 현황 원자료 필요,https://www.academyinfo.go.kr/main/main2130/selectSchlList.do
2026,0000482,0000482,부천대학교,본교,전문대학,전문대학,사립,경기,기존,2191,7098,10.6,100.0,2025,,대학주요정보 엔드포인트 미제공: StudentService API 또는 학생 현황 원자료 필요,https://www.academyinfo.go.kr/main/main2130/selectSchlList.do
2026,0000670,0000670,북한대학원대학교,본교,대학원대학,전문대학원,사립,서울,기존,60,160,-,118.3,2025,,대학주요정보 엔드포인트 미제공: StudentService API 또는 학생 현황 원자료 필요,https://www.academyinfo.go.kr/main/main2130/selectSchlList.do
2026,0000332,0000332,사이버한국외국어대학교,본교,대학,사이버대학(대학),사립,서울,기존,1750,6390,1.2,81.0,2025,,대학주요정보 엔드포인트 미제공: StudentService API 또는 학생 현황 원자료 필요,https://www.academyinfo.go.kr/main/main2130/selectSchlList.do
2026,0000116,0000116,삼육대학교,본교,대학,대학교,사립,서울,기존,1157,5268,13.7,100.0,2025,,대학주요정보 엔드포인트 미제공: StudentService API 또는 학생 현황 원자료 필요,https://www.academyinfo.go.kr/main/main2130/selectSchlList.do
2026,0000483,0000483,삼육보건대학교,본교,전문대학,전문대학,사립,서울,기존,384,1424,15.8,100.0,2025,,대학주요정보 엔드포인트 미제공: StudentService API 또는 학생 현황 원자료 필요,https://www.academyinfo.go.kr/main/main2130/selectSchlList.do
2026,0000117,0002959,상명대학교,제2캠퍼스,대학,대학교,사립,충남,기존,1345,5517,9.3,100.0,2025,,대학주요정보 엔드포인트 미제공: StudentService API 또는 학생 현황 원자료 필요,https://www.academyinfo.go.kr/main/main2130/selectSchlList.do
2026,0000117,0000117,상명대학교,본교,대학,대학교,사립,서울,기존,1302,6267,15.9,100.2,2025,,대학주요정보 엔드포인트 미제공: StudentService API 또는 학생 현황 원자료 필요,https://www.academyinfo.go.kr/main/main2130/selectSchlList.do
2026,0000119,0000119,상지대학교,본교,대학,대학교,사립,강원,기존,1666,5722,6.1,99.7,2025,,대학주요정보 엔드포인트 미제공: StudentService API 또는 학생 현황 원자료 필요,https://www.academyinfo.go.kr/main/main2130/selectSchlList.do
2026,0000485,0000485,상지영서대학교,본교,전문대학,전문대학,사립,강원,폐교,0,3,0,0.0,2025,,대학주요정보 엔드포인트 미제공: StudentService API 또는 학생 현황 원자료 필요,https://www.academyinfo.go.kr/main/main2130/selectSchlList.do
2026,0000120,0000120,서강대학교,본교,대학,대학교,사립,서울,기존,1602,8429,20.1,99.0,2025,,대학주요정보 엔드포인트 미제공: StudentService API 또는 학생 현황 원자료 필요,https://www.academyinfo.go.kr/main/main2130/selectSchlList.do
2026,0000121,0000121,서경대학교,본교,대학,대학교,사립,서울,기존,1309,6864,18.8,100.0,2025,,대학주요정보 엔드포인트 미제공: StudentService API 또는 학생 현황 원자료 필요,https://www.academyinfo.go.kr/main/main2130/selectSchlList.do
2026,0000122,0000124,서남대학교,제2캠퍼스,대학,대학교,사립,충남,폐교,0,0,0,0.0,2025,,대학주요정보 엔드포인트 미제공: StudentService API 또는 학생 현황 원자료 필요,https://www.academyinfo.go.kr/main/main2130/selectSchlList.do
2026,0000122,0000122,서남대학교,본교,대학,대학교,사립,전북,폐교,0,0,0,0.0,2025,,대학주요정보 엔드포인트 미제공: StudentService API 또는 학생 현황 원자료 필요,https://www.academyinfo.go.kr/main/main2130/selectSchlList.do
2026,0002645,0002645,서라벌대학교,본교,전문대학,전문대학,사립,경북,폐교,0,203,0,0.0,2025,,대학주요정보 엔드포인트 미제공: StudentService API 또는 학생 현황 원자료 필요,https://www.academyinfo.go.kr/main/main2130/selectSchlList.do
2026,0002646,0002646,서영대학교,본교,전문대학,전문대학,사립,광주,기존,1675,4920,6.1,97.6,2025,,대학주요정보 엔드포인트 미제공: StudentService API 또는 학생 현황 원자료 필요,https://www.academyinfo.go.kr/main/main2130/selectSchlList.do
2026,0000036,0000036,서울과학기술대학교,본교,대학,대학교,국립,서울,기존,2227,10444,13.6,99.9,2025,,대학주요정보 엔드포인트 미제공: StudentService API 또는 학생 현황 원자료 필요,https://www.academyinfo.go.kr/main/main2130/selectSchlList.do
2026,0000666,0000666,서울과학종합대학원대학교,본교,대학원대학,전문대학원,사립,서울,기존,71,1006,-,140.8,2025,,대학주요정보 엔드포인트 미제공: StudentService API 또는 학생 현황 원자료 필요,https://www.academyinfo.go.kr/main/main2130/selectSchlList.do
2026,0000255,0000255,서울교육대학교,본교,대학,교육대학,국립,서울,기존,355,1285,4.3,99.7,2025,,대학주요정보 엔드포인트 미제공: StudentService API 또는 학생 현황 원자료 필요,https://www.academyinfo.go.kr/main/main2130/selectSchlList.do
2026,0000098,0000098,서울기독대학교,본교,대학,대학교,사립,서울,기존,136,1279,3.1,83.9,2025,,대학주요정보 엔드포인트 미제공: StudentService API 또는 학생 현황 원자료 필요,https://www.academyinfo.go.kr/main/main2130/selectSchlList.do
2026,0000019,0000019,서울대학교,본교,대학,대학교,국립대법인,서울,기존,3476,17279,7.1,99.7,2025,,대학주요정보 엔드포인트 미제공: StudentService API 또는 학생 현황 원자료 필요,https://www.academyinfo.go.kr/main/main2130/selectSchlList.do
2026,0000322,0000322,서울디지털대학교,본교,대학,사이버대학(대학),사립,서울,기존,3000,11052,1.2,66.8,2025,,대학주요정보 엔드포인트 미제공: StudentService API 또는 학생 현황 원자료 필요,https://www.academyinfo.go.kr/main/main2130/selectSchlList.do
2026,0000677,0000677,서울미디어대학원대학교,본교,대학원대학,특수대학원,사립,서울,기존,67,333,-,55.2,2025,,대학주요정보 엔드포인트 미제공: StudentService API 또는 학생 현황 원자료 필요,https://www.academyinfo.go.kr/main/main2130/selectSchlList.do
2026,0000660,0000660,서울벤처대학원대학교,본교,대학원대학,전문대학원,사립,서울,기존,100,282,-,104.0,2025,,대학주요정보 엔드포인트 미제공: StudentService API 또는 학생 현황 원자료 필요,https://www.academyinfo.go.kr/main/main2130/selectSchlList.do
2026,0000658,0000658,서울불교대학원대학교,본교,대학원대학,전문대학원,사립,서울,기존,81,190,-,85.2,2025,,대학주요정보 엔드포인트 미제공: StudentService API 또는 학생 현황 원자료 필요,https://www.academyinfo.go.kr/main/main2130/selectSchlList.do
2026,0000323,0000323,서울사이버대학교,본교,대학,사이버대학(대학),사립,서울,기존,3270,15803,1.5,94.3,2025,,대학주요정보 엔드포인트 미제공: StudentService API 또는 학생 현황 원자료 필요,https://www.academyinfo.go.kr/main/main2130/selectSchlList.do
2026,0000653,0000653,서울사회복지대학원대학교,본교,대학원대학,특수대학원,사립,서울,기존,100,209,-,120.0,2025,,대학주요정보 엔드포인트 미제공: StudentService API 또는 학생 현황 원자료 필요,https://www.academyinfo.go.kr/main/main2130/selectSchlList.do
2026,0000678,0000678,서울상담심리대학원대학교,본교,대학원대학,전문대학원,사립,서울,기존,64,135,-,104.7,2025,,대학주요정보 엔드포인트 미제공: StudentService API 또는 학생 현황 원자료 필요,https://www.academyinfo.go.kr/main/main2130/selectSchlList.do
2026,0000650,0000650,서울성경신학대학원대학교,본교,대학원대학,전문대학원,사립,서울,기존,45,67,-,51.1,2025,,대학주요정보 엔드포인트 미제공: StudentService API 또는 학생 현황 원자료 필요,https://www.academyinfo.go.kr/main/main2130/selectSchlList.do
2026,0000040,0000040,서울시립대학교,본교,대학,대학교,공립,서울,기존,1747,8949,15.5,99.9,2025,,대학주요정보 엔드포인트 미제공: StudentService API 또는 학생 현황 원자료 필요,https://www.academyinfo.go.kr/main/main2130/selectSchlList.do
2026,0000125,0000125,서울신학대학교,본교,대학,대학교,사립,경기,기존,477,1967,5.4,100.0,2025,,대학주요정보 엔드포인트 미제공: StudentService API 또는 학생 현황 원자료 필요,https://www.academyinfo.go.kr/main/main2130/selectSchlList.do
2026,0002973,0002973,서울여자간호대학교,본교,전문대학,전문대학,사립,서울,기존,168,863,19.4,100.0,2025,,대학주요정보 엔드포인트 미제공: StudentService API 또는 학생 현황 원자료 필요,https://www.academyinfo.go.kr/main/main2130/selectSchlList.do
2026,0000126,0000126,서울여자대학교,본교,대학,대학교,사립,서울,기존,1612,7692,13.2,99.9,2025,,대학주요정보 엔드포인트 미제공: StudentService API 또는 학생 현황 원자료 필요,https://www.academyinfo.go.kr/main/main2130/selectSchlList.do
2026,0000489,0000489,서울예술대학교,본교,전문대학,전문대학,사립,경기,기존,581,3104,37.4,100.0,2025,,대학주요정보 엔드포인트 미제공: StudentService API 또는 학생 현황 원자료 필요,https://www.academyinfo.go.kr/main/main2130/selectSchlList.do
2026,0000659,0000659,서울외국어대학원대학교,본교,대학원대학,전문대학원,사립,서울,기존,70,145,-,100.0,2025,,대학주요정보 엔드포인트 미제공: StudentService API 또는 학생 현황 원자료 필요,https://www.academyinfo.go.kr/main/main2130/selectSchlList.do
2026,0000127,0000127,서울장신대학교,본교,대학,대학교,사립,경기,기존,104,331,3.3,100.0,2025,,대학주요정보 엔드포인트 미제공: StudentService API 또는 학생 현황 원자료 필요,https://www.academyinfo.go.kr/main/main2130/selectSchlList.do
2026,0000205,0000205,서울한영대학교,본교,대학,대학교,사립,서울,기존,180,778,7.6,99.5,2025,,대학주요정보 엔드포인트 미제공: StudentService API 또는 학생 현황 원자료 필요,https://www.academyinfo.go.kr/main/main2130/selectSchlList.do
2026,0000128,0000128,서원대학교,본교,대학,대학교,사립,충북,기존,1622,7648,6.4,100.0,2025,,대학주요정보 엔드포인트 미제공: StudentService API 또는 학생 현황 원자료 필요,https://www.academyinfo.go.kr/main/main2130/selectSchlList.do
2026,0000490,0000490,서일대학교,본교,전문대학,전문대학,사립,서울,기존,2155,6171,9,99.5,2025,,대학주요정보 엔드포인트 미제공: StudentService API 또는 학생 현황 원자료 필요,https://www.academyinfo.go.kr/main/main2130/selectSchlList.do
2026,0000566,0000566,서정대학교,본교,전문대학,전문대학,사립,경기,기존,1348,9043,3.8,100.0,2025,,대학주요정보 엔드포인트 미제공: StudentService API 또는 학생 현황 원자료 필요,https://www.academyinfo.go.kr/main/main2130/selectSchlList.do
2026,0000431,0000431,서해대학,본교,전문대학,전문대학,사립,전북,폐교,0,0,0,0.0,2025,,대학주요정보 엔드포인트 미제공: StudentService API 또는 학생 현황 원자료 필요,https://www.academyinfo.go.kr/main/main2130/selectSchlList.do
2026,0000550,0000550,선린대학교,본교,전문대학,전문대학,사립,경북,기존,632,1985,2.7,97.0,2025,,대학주요정보 엔드포인트 미제공: StudentService API 또는 학생 현황 원자료 필요,https://www.academyinfo.go.kr/main/main2130/selectSchlList.do
2026,0000129,0000129,선문대학교,본교,대학,대학교,사립,충남,기존,2053,8435,4.1,100.0,2025,,대학주요정보 엔드포인트 미제공: StudentService API 또는 학생 현황 원자료 필요,https://www.academyinfo.go.kr/main/main2130/selectSchlList.do
2026,0000667,0000667,선학유피대학원대학교,본교,대학원대학,전문대학원,사립,경기,기존,38,58,-,89.5,2025,,대학주요정보 엔드포인트 미제공: StudentService API 또는 학생 현황 원자료 필요,https://www.academyinfo.go.kr/main/main2130/selectSchlList.do
2026,0000131,0000131,성결대학교,본교,대학,대학교,사립,경기,기존,1228,5241,8.5,100.0,2025,,대학주요정보 엔드포인트 미제공: StudentService API 또는 학생 현황 원자료 필요,https://www.academyinfo.go.kr/main/main2130/selectSchlList.do
2026,0000132,0000132,성공회대학교,본교,대학,대학교,사립,서울,기존,502,2234,6.1,100.4,2025,,대학주요정보 엔드포인트 미제공: StudentService API 또는 학생 현황 원자료 필요,https://www.academyinfo.go.kr/main/main2130/selectSchlList.do
2026,0000133,0000133,성균관대학교,본교,대학,대학교,사립,서울,기존,3555,19613,22.6,100.0,2025,,대학주요정보 엔드포인트 미제공: StudentService API 또는 학생 현황 원자료 필요,https://www.academyinfo.go.kr/main/main2130/selectSchlList.do
2026,0000644,0000644,성산효대학원대학교,본교,대학원대학,전문대학원,사립,인천,기존,97,215,-,78.4,2025,,대학주요정보 엔드포인트 미제공: StudentService API 또는 학생 현황 원자료 필요,https://www.academyinfo.go.kr/main/main2130/selectSchlList.do
2026,0000661,0000661,성서침례대학원대학교,본교,대학원대학,전문대학원,사립,경기,기존,33,48,-,39.4,2025,,대학주요정보 엔드포인트 미제공: StudentService API 또는 학생 현황 원자료 필요,https://www.academyinfo.go.kr/main/main2130/selectSchlList.do
2026,0000136,0000136,성신여자대학교,본교,대학,대학교,사립,서울,기존,2060,9404,12.4,99.7,2025,,대학주요정보 엔드포인트 미제공: StudentService API 또는 학생 현황 원자료 필요,https://www.academyinfo.go.kr/main/main2130/selectSchlList.do
2026,0000493,0000493,성심외국어대학,본교,전문대학,전문대학,사립,부산,폐교,0,0,0,0.0,2025,,대학주요정보 엔드포인트 미제공: StudentService API 또는 학생 현황 원자료 필요,https://www.academyinfo.go.kr/main/main2130/selectSchlList.do
2026,0002647,0002647,성운대학교,본교,전문대학,전문대학,사립,경북,기존,540,1558,1.3,100.0,2025,,대학주요정보 엔드포인트 미제공: StudentService API 또는 학생 현황 원자료 필요,https://www.academyinfo.go.kr/main/main2130/selectSchlList.do
2026,0000515,0000515,세경대학교,본교,전문대학,전문대학,사립,강원,기존,385,771,2.7,85.2,2025,,대학주요정보 엔드포인트 미제공: StudentService API 또는 학생 현황 원자료 필요,https://www.academyinfo.go.kr/main/main2130/selectSchlList.do
2026,0000137,0000137,세명대학교,본교,대학,대학교,사립,충북,기존,1472,5515,4.7,98.4,2025,,대학주요정보 엔드포인트 미제공: StudentService API 또는 학생 현황 원자료 필요,https://www.academyinfo.go.kr/main/main2130/selectSchlList.do
2026,0000138,0000138,세종대학교,본교,대학,대학교,사립,서울,기존,2564,13171,16.3,100.0,2025,,대학주요정보 엔드포인트 미제공: StudentService API 또는 학생 현황 원자료 필요,https://www.academyinfo.go.kr/main/main2130/selectSchlList.do
2026,0000325,0000325,세종사이버대학교,본교,대학,사이버대학(대학),사립,서울,기존,2180,11464,1.6,81.8,2025,,대학주요정보 엔드포인트 미제공: StudentService API 또는 학생 현황 원자료 필요,https://www.academyinfo.go.kr/main/main2130/selectSchlList.do
2026,0000092,0000092,세한대학교,본교,대학,대학교,사립,전남,기존,817,3139,3.2,93.2,2025,,대학주요정보 엔드포인트 미제공: StudentService API 또는 학생 현황 원자료 필요,https://www.academyinfo.go.kr/main/main2130/selectSchlList.do
2026,0000567,0000567,송곡대학교,본교,전문대학,전문대학,사립,강원,기존,200,2479,3.9,100.0,2025,,대학주요정보 엔드포인트 미제공: StudentService API 또는 학생 현황 원자료 필요,https://www.academyinfo.go.kr/main/main2130/selectSchlList.do
2026,0000243,0000243,송원대학교,본교,대학,대학교,사립,광주,기존,640,2569,3.4,98.9,2025,,대학주요정보 엔드포인트 미제공: StudentService API 또는 학생 현황 원자료 필요,https://www.academyinfo.go.kr/main/main2130/selectSchlList.do
2026,0000564,0000564,송호대학교,본교,전문대학,전문대학,사립,강원,기존,337,963,4.5,94.4,2025,,대학주요정보 엔드포인트 미제공: StudentService API 또는 학생 현황 원자료 필요,https://www.academyinfo.go.kr/main/main2130/selectSchlList.do
2026,0000649,0000649,수도국제대학원대학교,본교,대학원대학,전문대학원,사립,서울,기존,88,645,-,77.3,2025,,대학주요정보 엔드포인트 미제공: StudentService API 또는 학생 현황 원자료 필요,https://www.academyinfo.go.kr/main/main2130/selectSchlList.do
2026,0002649,0002649,수성대학교,본교,전문대학,전문대학,사립,대구,기존,1177,3411,4.4,100.0,2025,,대학주요정보 엔드포인트 미제공: StudentService API 또는 학생 현황 원자료 필요,https://www.academyinfo.go.kr/main/main2130/selectSchlList.do
2026,0000139,0000139,수원가톨릭대학교,본교,대학,대학교,사립,경기,기존,90,96,.4,30.0,2025,,대학주요정보 엔드포인트 미제공: StudentService API 또는 학생 현황 원자료 필요,https://www.academyinfo.go.kr/main/main2130/selectSchlList.do
2026,0000497,0000497,수원과학대학교,본교,전문대학,전문대학,사립,경기,기존,1995,3020,6.3,60.5,2025,,대학주요정보 엔드포인트 미제공: StudentService API 또는 학생 현황 원자료 필요,https://www.academyinfo.go.kr/main/main2130/selectSchlList.do
2026,0000140,0000140,수원대학교,본교,대학,대학교,사립,경기,기존,2130,8368,13.9,99.9,2025,,대학주요정보 엔드포인트 미제공: StudentService API 또는 학생 현황 원자료 필요,https://www.academyinfo.go.kr/main/main2130/selectSchlList.do
2026,0000496,0000496,수원여자대학교,본교,전문대학,전문대학,사립,경기,기존,1394,3672,7.4,93.7,2025,,대학주요정보 엔드포인트 미제공: StudentService API 또는 학생 현황 원자료 필요,https://www.academyinfo.go.kr/main/main2130/selectSchlList.do
2026,0000141,0000141,숙명여자대학교,본교,대학,대학교,사립,서울,기존,2160,10134,12.2,100.0,2025,,대학주요정보 엔드포인트 미제공: StudentService API 또는 학생 현황 원자료 필요,https://www.academyinfo.go.kr/main/main2130/selectSchlList.do
2026,0000671,0000671,순복음대학원대학교,본교,대학원대학,전문대학원,사립,서울,기존,40,91,-,77.5,2025,,대학주요정보 엔드포인트 미제공: StudentService API 또는 학생 현황 원자료 필요,https://www.academyinfo.go.kr/main/main2130/selectSchlList.do
2026,0000317,0000317,순복음총회신학교,본교,대학,각종학교(대학),사립,충북,기존,58,137,.7,69.0,2025,,대학주요정보 엔드포인트 미제공: StudentService API 또는 학생 현황 원자료 필요,https://www.academyinfo.go.kr/main/main2130/selectSchlList.do
2026,0000498,0000498,순천제일대학교,본교,전문대학,전문대학,사립,전남,기존,987,2602,2.5,99.7,2025,,대학주요정보 엔드포인트 미제공: StudentService API 또는 학생 현황 원자료 필요,https://www.academyinfo.go.kr/main/main2130/selectSchlList.do
2026,0000142,0000142,순천향대학교,본교,대학,대학교,사립,충남,기존,2524,11080,8.4,100.0,2025,,대학주요정보 엔드포인트 미제공: StudentService API 또는 학생 현황 원자료 필요,https://www.academyinfo.go.kr/main/main2130/selectSchlList.do
2026,0000143,0000143,숭실대학교,본교,대학,대학교,사립,서울,기존,2675,14738,15.4,99.8,2025,,대학주요정보 엔드포인트 미제공: StudentService API 또는 학생 현황 원자료 필요,https://www.academyinfo.go.kr/main/main2130/selectSchlList.do
2026,0000329,0000329,숭실사이버대학교,본교,대학,사이버대학(대학),사립,서울,기존,1650,7536,1,72.0,2025,,대학주요정보 엔드포인트 미제공: StudentService API 또는 학생 현황 원자료 필요,https://www.academyinfo.go.kr/main/main2130/selectSchlList.do
2026,0000500,0000500,숭의여자대학교,본교,전문대학,전문대학,사립,서울,기존,1315,2999,6.7,100.0,2025,,대학주요정보 엔드포인트 미제공: StudentService API 또는 학생 현황 원자료 필요,https://www.academyinfo.go.kr/main/main2130/selectSchlList.do
2026,0000065,0000065,신경주대학교,본교,대학,대학교,사립,경북,기존,890,1179,1.1,80.9,2025,,대학주요정보 엔드포인트 미제공: StudentService API 또는 학생 현황 원자료 필요,https://www.academyinfo.go.kr/main/main2130/selectSchlList.do
2026,0000501,0000501,신구대학교,본교,전문대학,전문대학,사립,경기,기존,2268,5889,6.9,99.3,2025,,대학주요정보 엔드포인트 미제공: StudentService API 또는 학생 현황 원자료 필요,https://www.academyinfo.go.kr/main/main2130/selectSchlList.do
2026,0000144,0000144,신라대학교,본교,대학,대학교,사립,부산,기존,1640,6877,5.2,93.8,2025,,대학주요정보 엔드포인트 미제공: StudentService API 또는 학생 현황 원자료 필요,https://www.academyinfo.go.kr/main/main2130/selectSchlList.do
2026,0000502,0000502,신성대학교,본교,전문대학,전문대학,사립,충남,기존,1135,2700,4.1,93.7,2025,,대학주요정보 엔드포인트 미제공: StudentService API 또는 학생 현황 원자료 필요,https://www.academyinfo.go.kr/main/main2130/selectSchlList.do
2026,0000506,0000506,신안산대학교,본교,전문대학,전문대학,사립,경기,기존,1312,2735,5.9,83.9,2025,,대학주요정보 엔드포인트 미제공: StudentService API 또는 학생 현황 원자료 필요,https://www.academyinfo.go.kr/main/main2130/selectSchlList.do
2026,0002712,0002712,신한대학교,본교,대학,대학교,사립,경기,기존,90,693,23,100.0,2025,,대학주요정보 엔드포인트 미제공: StudentService API 또는 학생 현황 원자료 필요,https://www.academyinfo.go.kr/main/main2130/selectSchlList.do
2026,0002712,0002800,신한대학교,제2캠퍼스,대학,대학교,사립,경기,기존,1315,5786,11.3,100.0,2025,,대학주요정보 엔드포인트 미제공: StudentService API 또는 학생 현황 원자료 필요,https://www.academyinfo.go.kr/main/main2130/selectSchlList.do
2026,0000672,0000672,실천신학대학원대학교,본교,대학원대학,전문대학원,사립,경기,기존,41,77,-,70.7,2025,,대학주요정보 엔드포인트 미제공: StudentService API 또는 학생 현황 원자료 필요,https://www.academyinfo.go.kr/main/main2130/selectSchlList.do
2026,0000145,0000145,아신대학교,본교,대학,대학교,사립,경기,기존,130,236,.8,38.5,2025,,대학주요정보 엔드포인트 미제공: StudentService API 또는 학생 현황 원자료 필요,https://www.academyinfo.go.kr/main/main2130/selectSchlList.do
2026,0000146,0000146,아주대학교,본교,대학,대학교,사립,경기,기존,2083,10194,17.5,100.3,2025,,대학주요정보 엔드포인트 미제공: StudentService API 또는 학생 현황 원자료 필요,https://www.academyinfo.go.kr/main/main2130/selectSchlList.do
2026,0000454,0000454,아주자동차대학교,본교,전문대학,전문대학,사립,충남,기존,390,912,2.2,87.3,2025,,대학주요정보 엔드포인트 미제공: StudentService API 또는 학생 현황 원자료 필요,https://www.academyinfo.go.kr/main/main2130/selectSchlList.do
2026,0002650,0002650,안동과학대학교,본교,전문대학,전문대학,사립,경북,기존,654,2014,3.1,90.5,2025,,대학주요정보 엔드포인트 미제공: StudentService API 또는 학생 현황 원자료 필요,https://www.academyinfo.go.kr/main/main2130/selectSchlList.do
2026,0000507,0000507,안산대학교,본교,전문대학,전문대학,사립,경기,기존,1437,4611,10.6,99.0,2025,,대학주요정보 엔드포인트 미제공: StudentService API 또는 학생 현황 원자료 필요,https://www.academyinfo.go.kr/main/main2130/selectSchlList.do
2026,0000147,0000148,안양대학교,제2캠퍼스,대학,대학교,사립,인천,기존,140,300,7.6,100.0,2025,,대학주요정보 엔드포인트 미제공: StudentService API 또는 학생 현황 원자료 필요,https://www.academyinfo.go.kr/main/main2130/selectSchlList.do
2026,0000147,0000147,안양대학교,본교,대학,대학교,사립,경기,기존,986,4353,11.7,100.4,2025,,대학주요정보 엔드포인트 미제공: StudentService API 또는 학생 현황 원자료 필요,https://www.academyinfo.go.kr/main/main2130/selectSchlList.do
2026,0000662,0000662,에스라성경대학원대학교,본교,대학원대학,전문대학원,사립,경기,기존,48,61,-,43.8,2025,,대학주요정보 엔드포인트 미제공: StudentService API 또는 학생 현황 원자료 필요,https://www.academyinfo.go.kr/main/main2130/selectSchlList.do
2026,0000510,0000510,여주대학교,본교,전문대학,전문대학,사립,경기,기존,1291,2744,5.6,73.0,2025,,대학주요정보 엔드포인트 미제공: StudentService API 또는 학생 현황 원자료 필요,https://www.academyinfo.go.kr/main/main2130/selectSchlList.do
2026,0002651,0002651,연성대학교,본교,전문대학,전문대학,사립,경기,기존,2226,5959,10.7,99.8,2025,,대학주요정보 엔드포인트 미제공: StudentService API 또는 학생 현황 원자료 필요,https://www.academyinfo.go.kr/main/main2130/selectSchlList.do
2026,0000149,0000149,연세대학교,본교,대학,대학교,사립,서울,기존,3555,21005,11.5,101.5,2025,,대학주요정보 엔드포인트 미제공: StudentService API 또는 학생 현황 원자료 필요,https://www.academyinfo.go.kr/main/main2130/selectSchlList.do
2026,0000149,0000150,연세대학교(미래),분교,대학,대학교,사립,강원,기존,1416,6931,9.1,99.9,2025,,대학주요정보 엔드포인트 미제공: StudentService API 또는 학생 현황 원자료 필요,https://www.academyinfo.go.kr/main/main2130/selectSchlList.do
2026,0002652,0002652,연암공과대학교,본교,전문대학,전문대학,사립,경남,기존,496,1102,5.8,100.0,2025,,대학주요정보 엔드포인트 미제공: StudentService API 또는 학생 현황 원자료 필요,https://www.academyinfo.go.kr/main/main2130/selectSchlList.do
2026,0000512,0000512,연암대학교,본교,전문대학,전문대학,사립,충남,기존,483,1119,4,100.0,2025,,대학주요정보 엔드포인트 미제공: StudentService API 또는 학생 현황 원자료 필요,https://www.academyinfo.go.kr/main/main2130/selectSchlList.do
2026,0000151,0000151,영남대학교,본교,대학,대학교,사립,경북,기존,4661,20623,6.3,100.0,2025,,대학주요정보 엔드포인트 미제공: StudentService API 또는 학생 현황 원자료 필요,https://www.academyinfo.go.kr/main/main2130/selectSchlList.do
2026,0000153,0000153,영남신학대학교,본교,대학,대학교,사립,경북,기존,115,371,1.8,100.0,2025,,대학주요정보 엔드포인트 미제공: StudentService API 또는 학생 현황 원자료 필요,https://www.academyinfo.go.kr/main/main2130/selectSchlList.do
2026,0000418,0000418,영남외국어대학,본교,전문대학,전문대학,사립,경북,기존,278,472,1.9,70.9,2025,,대학주요정보 엔드포인트 미제공: StudentService API 또는 학생 현황 원자료 필요,https://www.academyinfo.go.kr/main/main2130/selectSchlList.do
2026,0000513,0000513,영남이공대학교,본교,전문대학,전문대학,사립,대구,기존,2156,5864,6.9,100.0,2025,,대학주요정보 엔드포인트 미제공: StudentService API 또는 학생 현황 원자료 필요,https://www.academyinfo.go.kr/main/main2130/selectSchlList.do
2026,0003193,0003194,영산대학교(양산),제2캠퍼스,대학,대학교,사립,경남,기존,669,2722,4.1,99.7,2025,,대학주요정보 엔드포인트 미제공: StudentService API 또는 학생 현황 원자료 필요,https://www.academyinfo.go.kr/main/main2130/selectSchlList.do
2026,0003193,0003193,영산대학교(해운대),본교,대학,대학교,사립,부산,기존,625,2974,3.8,99.8,2025,,대학주요정보 엔드포인트 미제공: StudentService API 또는 학생 현황 원자료 필요,https://www.academyinfo.go.kr/main/main2130/selectSchlList.do
2026,0000155,0000155,영산선학대학교,본교,대학,대학교,사립,전남,기존,50,23,.1,6.0,2025,,대학주요정보 엔드포인트 미제공: StudentService API 또는 학생 현황 원자료 필요,https://www.academyinfo.go.kr/main/main2130/selectSchlList.do
2026,0000575,0000575,영진사이버대학교,본교,전문대학,사이버대학(전문대학),사립,대구,기존,1300,3300,.8,82.5,2025,,대학주요정보 엔드포인트 미제공: StudentService API 또는 학생 현황 원자료 필요,https://www.academyinfo.go.kr/main/main2130/selectSchlList.do
2026,0000517,0000517,영진전문대학교,본교,전문대학,전문대학,사립,대구,기존,2444,7300,5.9,100.0,2025,,대학주요정보 엔드포인트 미제공: StudentService API 또는 학생 현황 원자료 필요,https://www.academyinfo.go.kr/main/main2130/selectSchlList.do
2026,0000651,0000651,예명대학원대학교,본교,대학원대학,전문대학원,사립,서울,기존,88,330,-,101.1,2025,,대학주요정보 엔드포인트 미제공: StudentService API 또는 학생 현황 원자료 필요,https://www.academyinfo.go.kr/main/main2130/selectSchlList.do
2026,0000228,0000228,예수대학교,본교,대학,대학교,사립,전북,기존,115,480,7.4,100.0,2025,,대학주요정보 엔드포인트 미제공: StudentService API 또는 학생 현황 원자료 필요,https://www.academyinfo.go.kr/main/main2130/selectSchlList.do
2026,0000218,0000218,예원예술대학교,본교,대학,대학교,사립,전북,기존,46,537,2.5,97.8,2025,,대학주요정보 엔드포인트 미제공: StudentService API 또는 학생 현황 원자료 필요,https://www.academyinfo.go.kr/main/main2130/selectSchlList.do
2026,0000218,0000219,예원예술대학교,제2캠퍼스,대학,대학교,사립,경기,기존,185,699,6.8,98.4,2025,,대학주요정보 엔드포인트 미제공: StudentService API 또는 학생 현황 원자료 필요,https://www.academyinfo.go.kr/main/main2130/selectSchlList.do
2026,0002653,0002653,오산대학교,본교,전문대학,전문대학,사립,경기,기존,1782,4227,8.6,94.2,2025,,대학주요정보 엔드포인트 미제공: StudentService API 또는 학생 현황 원자료 필요,https://www.academyinfo.go.kr/main/main2130/selectSchlList.do
2026,0000654,0000654,온석대학원대학교,본교,대학원대학,전문대학원,사립,경기,기존,69,331,-,115.9,2025,,대학주요정보 엔드포인트 미제공: StudentService API 또는 학생 현황 원자료 필요,https://www.academyinfo.go.kr/main/main2130/selectSchlList.do
2026,0000156,0000156,용인대학교,본교,대학,대학교,사립,경기,기존,1262,5326,10.2,99.9,2025,,대학주요정보 엔드포인트 미제공: StudentService API 또는 학생 현황 원자료 필요,https://www.academyinfo.go.kr/main/main2130/selectSchlList.do
2026,0000520,0000520,용인예술과학대학교,본교,전문대학,전문대학,사립,경기,기존,1046,2554,7.1,88.2,2025,,대학주요정보 엔드포인트 미제공: StudentService API 또는 학생 현황 원자료 필요,https://www.academyinfo.go.kr/main/main2130/selectSchlList.do
2026,0000157,0000157,우석대학교,본교,대학,대학교,사립,전북,기존,1487,6629,4.9,100.0,2025,,대학주요정보 엔드포인트 미제공: StudentService API 또는 학생 현황 원자료 필요,https://www.academyinfo.go.kr/main/main2130/selectSchlList.do
2026,0000240,0000240,우송대학교,본교,대학,대학교,사립,대전,기존,1993,9680,8.6,100.0,2025,,대학주요정보 엔드포인트 미제공: StudentService API 또는 학생 현황 원자료 필요,https://www.academyinfo.go.kr/main/main2130/selectSchlList.do
2026,0000281,0000281,우송대학교(산업대),본교,대학,산업대학,사립,대전,폐교,0,0,0,0.0,2025,,대학주요정보 엔드포인트 미제공: StudentService API 또는 학생 현황 원자료 필요,https://www.academyinfo.go.kr/main/main2130/selectSchlList.do
2026,0000452,0000452,우송정보대학,본교,전문대학,전문대학,사립,대전,기존,1475,2904,4.3,97.9,2025,,대학주요정보 엔드포인트 미제공: StudentService API 또는 학생 현황 원자료 필요,https://www.academyinfo.go.kr/main/main2130/selectSchlList.do
2026,0000250,0000250,울산과학기술원,본교,대학,대학교,특별법법인,울산,기존,400,1893,17.3,104.3,2025,,대학주요정보 엔드포인트 미제공: StudentService API 또는 학생 현황 원자료 필요,https://www.academyinfo.go.kr/main/main2130/selectSchlList.do
2026,0000521,0000521,울산과학대학교,본교,전문대학,전문대학,사립,울산,기존,1628,5224,9.5,97.0,2025,,대학주요정보 엔드포인트 미제공: StudentService API 또는 학생 현황 원자료 필요,https://www.academyinfo.go.kr/main/main2130/selectSchlList.do
2026,0000158,0000158,울산대학교,본교,대학,대학교,사립,울산,기존,2737,10606,5.1,99.5,2025,,대학주요정보 엔드포인트 미제공: StudentService API 또는 학생 현황 원자료 필요,https://www.academyinfo.go.kr/main/main2130/selectSchlList.do
2026,0000568,0000568,웅지세무대학교,본교,전문대학,전문대학,사립,경기,기존,599,166,.3,7.2,2025,,대학주요정보 엔드포인트 미제공: StudentService API 또는 학생 현황 원자료 필요,https://www.academyinfo.go.kr/main/main2130/selectSchlList.do
2026,0000159,0000159,원광대학교,본교,대학,대학교,사립,전북,기존,2869,12360,5.6,99.8,2025,,대학주요정보 엔드포인트 미제공: StudentService API 또는 학생 현황 원자료 필요,https://www.academyinfo.go.kr/main/main2130/selectSchlList.do
2026,0000327,0000327,원광디지털대학교,본교,대학,사이버대학(대학),사립,전북,기존,1500,4931,.8,53.1,2025,,대학주요정보 엔드포인트 미제공: StudentService API 또는 학생 현황 원자료 필요,https://www.academyinfo.go.kr/main/main2130/selectSchlList.do
2026,0000523,0000523,원광보건대학교,본교,전문대학,전문대학,사립,전북,폐교,1281,3810,4.8,92.7,2025,,대학주요정보 엔드포인트 미제공: StudentService API 또는 학생 현황 원자료 필요,https://www.academyinfo.go.kr/main/main2130/selectSchlList.do
2026,0000645,0000645,원불교대학원대학교,본교,대학원대학,전문대학원,사립,전북,기존,47,30,-,23.4,2025,,대학주요정보 엔드포인트 미제공: StudentService API 또는 학생 현황 원자료 필요,https://www.academyinfo.go.kr/main/main2130/selectSchlList.do
2026,0000646,0000646,웨스트민스터신학대학원대학교,본교,대학원대학,전문대학원,사립,경기,기존,200,422,-,74.5,2025,,대학주요정보 엔드포인트 미제공: StudentService API 또는 학생 현황 원자료 필요,https://www.academyinfo.go.kr/main/main2130/selectSchlList.do
2026,0000160,0000160,위덕대학교,본교,대학,대학교,사립,경북,기존,627,2116,3.1,98.0,2025,,대학주요정보 엔드포인트 미제공: StudentService API 또는 학생 현황 원자료 필요,https://www.academyinfo.go.kr/main/main2130/selectSchlList.do
2026,0000154,0000154,유원대학교,본교,대학,대학교,사립,충북,기존,875,4032,3,99.8,2025,,대학주요정보 엔드포인트 미제공: StudentService API 또는 학생 현황 원자료 필요,https://www.academyinfo.go.kr/main/main2130/selectSchlList.do
2026,0000524,0000524,유한대학교,본교,전문대학,전문대학,사립,경기,기존,1695,4685,7.8,100.0,2025,,대학주요정보 엔드포인트 미제공: StudentService API 또는 학생 현황 원자료 필요,https://www.academyinfo.go.kr/main/main2130/selectSchlList.do
2026,0000161,0002911,을지대학교,제3캠퍼스,대학,대학교,사립,경기,기존,192,707,11.9,100.0,2025,,대학주요정보 엔드포인트 미제공: StudentService API 또는 학생 현황 원자료 필요,https://www.academyinfo.go.kr/main/main2130/selectSchlList.do
2026,0000161,0000162,을지대학교,제2캠퍼스,대학,대학교,사립,경기,기존,787,3653,12.3,100.0,2025,,대학주요정보 엔드포인트 미제공: StudentService API 또는 학생 현황 원자료 필요,https://www.academyinfo.go.kr/main/main2130/selectSchlList.do
2026,0000161,0000161,을지대학교,본교,대학,대학교,사립,대전,기존,100,357,13,100.0,2025,,대학주요정보 엔드포인트 미제공: StudentService API 또는 학생 현황 원자료 필요,https://www.academyinfo.go.kr/main/main2130/selectSchlList.do
2026,0000163,0000163,이화여자대학교,본교,대학,대학교,사립,서울,기존,3260,16452,9.8,99.5,2025,,대학주요정보 엔드포인트 미제공: StudentService API 또는 학생 현황 원자료 필요,https://www.academyinfo.go.kr/main/main2130/selectSchlList.do
2026,0000525,0000525,인덕대학교,본교,전문대학,전문대학,사립,서울,기존,2074,5790,7.8,100.0,2025,,대학주요정보 엔드포인트 미제공: StudentService API 또는 학생 현황 원자료 필요,https://www.academyinfo.go.kr/main/main2130/selectSchlList.do
2026,0000164,0000166,인제대학교,제2캠퍼스,대학,대학교,사립,부산,기존,0,0,0,0.0,2025,,대학주요정보 엔드포인트 미제공: StudentService API 또는 학생 현황 원자료 필요,https://www.academyinfo.go.kr/main/main2130/selectSchlList.do
2026,0000164,0000164,인제대학교,본교,대학,대학교,사립,경남,기존,1699,6844,5.6,98.7,2025,,대학주요정보 엔드포인트 미제공: StudentService API 또는 학생 현황 원자료 필요,https://www.academyinfo.go.kr/main/main2130/selectSchlList.do
2026,0000168,0000168,인천가톨릭대학교,본교,대학,대학교,사립,인천,기존,12,40,1.1,91.7,2025,,대학주요정보 엔드포인트 미제공: StudentService API 또는 학생 현황 원자료 필요,https://www.academyinfo.go.kr/main/main2130/selectSchlList.do
2026,0000168,0000167,인천가톨릭대학교,제2캠퍼스,대학,대학교,사립,인천,기존,153,657,7.5,100.0,2025,,대학주요정보 엔드포인트 미제공: StudentService API 또는 학생 현황 원자료 필요,https://www.academyinfo.go.kr/main/main2130/selectSchlList.do
2026,0002660,0002660,인천대학교,본교,대학,대학교,국립대법인,인천,기존,2516,11247,11.2,100.0,2025,,대학주요정보 엔드포인트 미제공: StudentService API 또는 학생 현황 원자료 필요,https://www.academyinfo.go.kr/main/main2130/selectSchlList.do
2026,0002654,0002654,인하공업전문대학,본교,전문대학,전문대학,사립,인천,기존,2543,7068,8.7,100.0,2025,,대학주요정보 엔드포인트 미제공: StudentService API 또는 학생 현황 원자료 필요,https://www.academyinfo.go.kr/main/main2130/selectSchlList.do
2026,0000169,0000169,인하대학교,본교,대학,대학교,사립,인천,기존,3605,17830,13.6,99.9,2025,,대학주요정보 엔드포인트 미제공: StudentService API 또는 학생 현황 원자료 필요,https://www.academyinfo.go.kr/main/main2130/selectSchlList.do
2026,0000170,0000170,장로회신학대학교,본교,대학,대학교,사립,서울,기존,150,572,3.4,100.0,2025,,대학주요정보 엔드포인트 미제공: StudentService API 또는 학생 현황 원자료 필요,https://www.academyinfo.go.kr/main/main2130/selectSchlList.do
2026,0000527,0000527,장안대학교,본교,전문대학,전문대학,사립,경기,기존,1670,2666,5.3,65.1,2025,,대학주요정보 엔드포인트 미제공: StudentService API 또는 학생 현황 원자료 필요,https://www.academyinfo.go.kr/main/main2130/selectSchlList.do
2026,0000455,0000455,재능대학교,본교,전문대학,전문대학,사립,인천,기존,1279,2801,6,88.8,2025,,대학주요정보 엔드포인트 미제공: StudentService API 또는 학생 현황 원자료 필요,https://www.academyinfo.go.kr/main/main2130/selectSchlList.do
2026,0000528,0000528,적십자간호대학,본교,전문대학,전문대학,사립,서울,폐교,0,0,0,0.0,2025,,대학주요정보 엔드포인트 미제공: StudentService API 또는 학생 현황 원자료 필요,https://www.academyinfo.go.kr/main/main2130/selectSchlList.do
2026,0000529,0000529,전남과학대학교,본교,전문대학,전문대학,사립,전남,기존,1064,2971,1.8,84.3,2025,,대학주요정보 엔드포인트 미제공: StudentService API 또는 학생 현황 원자료 필요,https://www.academyinfo.go.kr/main/main2130/selectSchlList.do
2026,0000023,0000024,전남대학교,제2캠퍼스,대학,대학교,국립,전남,기존,812,2808,4.3,99.8,2025,,대학주요정보 엔드포인트 미제공: StudentService API 또는 학생 현황 원자료 필요,https://www.academyinfo.go.kr/main/main2130/selectSchlList.do
2026,0000023,0000023,전남대학교,본교,대학,대학교,국립,광주,기존,3673,16391,7.4,99.9,2025,,대학주요정보 엔드포인트 미제공: StudentService API 또는 학생 현황 원자료 필요,https://www.academyinfo.go.kr/main/main2130/selectSchlList.do
2026,0000562,0000562,전남도립대학교,본교,전문대학,전문대학,공립,전남,폐교,410,885,2.3,100.0,2025,,대학주요정보 엔드포인트 미제공: StudentService API 또는 학생 현황 원자료 필요,https://www.academyinfo.go.kr/main/main2130/selectSchlList.do
2026,0000531,0000531,전북과학대학교,본교,전문대학,전문대학,사립,전북,기존,592,1600,2.6,96.1,2025,,대학주요정보 엔드포인트 미제공: StudentService API 또는 학생 현황 원자료 필요,https://www.academyinfo.go.kr/main/main2130/selectSchlList.do
2026,0000025,0000025,전북대학교,본교,대학,대학교,국립,전북,기존,4077,17841,7.4,99.9,2025,,대학주요정보 엔드포인트 미제공: StudentService API 또는 학생 현황 원자료 필요,https://www.academyinfo.go.kr/main/main2130/selectSchlList.do
2026,0000258,0000258,전주교육대학교,본교,대학,교육대학,국립,전북,기존,285,1019,4.8,100.0,2025,,대학주요정보 엔드포인트 미제공: StudentService API 또는 학생 현황 원자료 필요,https://www.academyinfo.go.kr/main/main2130/selectSchlList.do
2026,0000437,0000437,전주기전대학,본교,전문대학,전문대학,사립,전북,기존,772,1787,2.1,97.4,2025,,대학주요정보 엔드포인트 미제공: StudentService API 또는 학생 현황 원자료 필요,https://www.academyinfo.go.kr/main/main2130/selectSchlList.do
2026,0000171,0000171,전주대학교,본교,대학,대학교,사립,전북,기존,2512,10147,4.7,99.6,2025,,대학주요정보 엔드포인트 미제공: StudentService API 또는 학생 현황 원자료 필요,https://www.academyinfo.go.kr/main/main2130/selectSchlList.do
2026,0000530,0000530,전주비전대학교,본교,전문대학,전문대학,사립,전북,기존,1035,2852,5.3,83.0,2025,,대학주요정보 엔드포인트 미제공: StudentService API 또는 학생 현황 원자료 필요,https://www.academyinfo.go.kr/main/main2130/selectSchlList.do
2026,0000288,0000288,정석대학,본교,대학,기술대학,사립,서울,기존,100,23,.1,11.0,2025,,대학주요정보 엔드포인트 미제공: StudentService API 또는 학생 현황 원자료 필요,https://www.academyinfo.go.kr/main/main2130/selectSchlList.do
2026,0002668,0002668,제네바신학대학원대학교,본교,대학원대학,전문대학원,사립,경기,기존,30,4,-,3.3,2025,,대학주요정보 엔드포인트 미제공: StudentService API 또는 학생 현황 원자료 필요,https://www.academyinfo.go.kr/main/main2130/selectSchlList.do
2026,0000532,0000532,제주관광대학교,본교,전문대학,전문대학,사립,제주,기존,820,1541,1.9,91.7,2025,,대학주요정보 엔드포인트 미제공: StudentService API 또는 학생 현황 원자료 필요,https://www.academyinfo.go.kr/main/main2130/selectSchlList.do
2026,0000248,0000248,제주국제대학교,본교,대학,대학교,사립,제주,기존,370,263,.1,2.7,2025,,대학주요정보 엔드포인트 미제공: StudentService API 또는 학생 현황 원자료 필요,https://www.academyinfo.go.kr/main/main2130/selectSchlList.do
2026,0000027,0000027,제주대학교,본교,대학,대학교,국립,제주,기존,2235,9306,6.5,99.9,2025,,대학주요정보 엔드포인트 미제공: StudentService API 또는 학생 현황 원자료 필요,https://www.academyinfo.go.kr/main/main2130/selectSchlList.do
2026,0000533,0000533,제주산업정보대학,본교,전문대학,전문대학,사립,제주,폐교,0,0,0,0.0,2025,,대학주요정보 엔드포인트 미제공: StudentService API 또는 학생 현황 원자료 필요,https://www.academyinfo.go.kr/main/main2130/selectSchlList.do
2026,0002655,0002655,제주한라대학교,본교,전문대학,전문대학,사립,제주,기존,1484,3897,1.5,73.3,2025,,대학주요정보 엔드포인트 미제공: StudentService API 또는 학생 현황 원자료 필요,https://www.academyinfo.go.kr/main/main2130/selectSchlList.do
2026,0002974,0002974,조선간호대학교,본교,전문대학,전문대학,사립,광주,기존,152,735,7.4,100.0,2025,,대학주요정보 엔드포인트 미제공: StudentService API 또는 학생 현황 원자료 필요,https://www.academyinfo.go.kr/main/main2130/selectSchlList.do
2026,0000172,0000172,조선대학교,본교,대학,대학교,사립,광주,기존,4354,17911,5.7,99.9,2025,,대학주요정보 엔드포인트 미제공: StudentService API 또는 학생 현황 원자료 필요,https://www.academyinfo.go.kr/main/main2130/selectSchlList.do
2026,0000534,0000534,조선이공대학교,본교,전문대학,전문대학,사립,광주,기존,1492,2806,3.3,94.2,2025,,대학주요정보 엔드포인트 미제공: StudentService API 또는 학생 현황 원자료 필요,https://www.academyinfo.go.kr/main/main2130/selectSchlList.do
2026,0000680,0000680,주안대학원대학교,본교,대학원대학,전문대학원,사립,인천,기존,25,85,-,100.0,2025,,대학주요정보 엔드포인트 미제공: StudentService API 또는 학생 현황 원자료 필요,https://www.academyinfo.go.kr/main/main2130/selectSchlList.do
2026,0000173,0000173,중부대학교,본교,대학,대학교,사립,충남,기존,1645,6991,7.5,100.1,2025,,대학주요정보 엔드포인트 미제공: StudentService API 또는 학생 현황 원자료 필요,https://www.academyinfo.go.kr/main/main2130/selectSchlList.do
2026,0000175,0000174,중앙대학교,제2캠퍼스,대학,대학교,사립,경기,기존,1168,4963,10.6,99.9,2025,,대학주요정보 엔드포인트 미제공: StudentService API 또는 학생 현황 원자료 필요,https://www.academyinfo.go.kr/main/main2130/selectSchlList.do
2026,0000175,0000175,중앙대학교,본교,대학,대학교,사립,서울,기존,3210,18637,24.3,100.0,2025,,대학주요정보 엔드포인트 미제공: StudentService API 또는 학생 현황 원자료 필요,https://www.academyinfo.go.kr/main/main2130/selectSchlList.do
2026,0000177,0000177,중앙승가대학교,본교,대학,대학교,사립,경기,기존,120,53,.1,10.0,2025,,대학주요정보 엔드포인트 미제공: StudentService API 또는 학생 현황 원자료 필요,https://www.academyinfo.go.kr/main/main2130/selectSchlList.do
2026,0000239,0000239,중원대학교,본교,대학,대학교,사립,충북,기존,812,3324,3.6,98.1,2025,,대학주요정보 엔드포인트 미제공: StudentService API 또는 학생 현황 원자료 필요,https://www.academyinfo.go.kr/main/main2130/selectSchlList.do
2026,0000260,0000260,진주교육대학교,본교,대학,교육대학,국립,경남,기존,319,1169,5.4,100.0,2025,,대학주요정보 엔드포인트 미제공: StudentService API 또는 학생 현황 원자료 필요,https://www.academyinfo.go.kr/main/main2130/selectSchlList.do
2026,0000539,0000539,진주보건대학교,본교,전문대학,전문대학,사립,경남,기존,669,2249,4,80.4,2025,,대학주요정보 엔드포인트 미제공: StudentService API 또는 학생 현황 원자료 필요,https://www.academyinfo.go.kr/main/main2130/selectSchlList.do
2026,0000269,0000269,진주산업대학교(산업대),본교,대학,산업대학,국립,경남,폐교,0,0,0,0.0,2025,,대학주요정보 엔드포인트 미제공: StudentService API 또는 학생 현황 원자료 필요,https://www.academyinfo.go.kr/main/main2130/selectSchlList.do
2026,0000187,0000187,차의과학대학교,본교,대학,대학교,사립,경기,기존,504,2154,7.1,100.0,2025,,대학주요정보 엔드포인트 미제공: StudentService API 또는 학생 현황 원자료 필요,https://www.academyinfo.go.kr/main/main2130/selectSchlList.do
2026,0000541,0000541,창신대학,본교,전문대학,전문대학,사립,경남,폐교,0,0,0,0.0,2025,,대학주요정보 엔드포인트 미제공: StudentService API 또는 학생 현황 원자료 필요,https://www.academyinfo.go.kr/main/main2130/selectSchlList.do
2026,0000249,0000249,창신대학교,본교,대학,대학교,사립,경남,기존,345,1582,7.4,100.0,2025,,대학주요정보 엔드포인트 미제공: StudentService API 또는 학생 현황 원자료 필요,https://www.academyinfo.go.kr/main/main2130/selectSchlList.do
2026,0000542,0000542,창원문성대학교,본교,전문대학,전문대학,사립,경남,기존,228,683,3.1,75.0,2025,,대학주요정보 엔드포인트 미제공: StudentService API 또는 학생 현황 원자료 필요,https://www.academyinfo.go.kr/main/main2130/selectSchlList.do
2026,0000544,0000544,청강문화산업대학교,본교,전문대학,전문대학,사립,경기,기존,1122,3756,10.8,100.0,2025,,대학주요정보 엔드포인트 미제공: StudentService API 또는 학생 현황 원자료 필요,https://www.academyinfo.go.kr/main/main2130/selectSchlList.do
2026,0002656,0002656,청암대학교,본교,전문대학,전문대학,사립,전남,기존,800,2116,2.9,88.8,2025,,대학주요정보 엔드포인트 미제공: StudentService API 또는 학생 현황 원자료 필요,https://www.academyinfo.go.kr/main/main2130/selectSchlList.do
2026,0000284,0000284,청운대학교,본교,대학,산업대학,사립,충남,기존,962,5135,6.9,98.0,2025,,대학주요정보 엔드포인트 미제공: StudentService API 또는 학생 현황 원자료 필요,https://www.academyinfo.go.kr/main/main2130/selectSchlList.do
2026,0000261,0000261,청주교육대학교,본교,대학,교육대학,국립,충북,기존,286,1075,6.7,100.0,2025,,대학주요정보 엔드포인트 미제공: StudentService API 또는 학생 현황 원자료 필요,https://www.academyinfo.go.kr/main/main2130/selectSchlList.do
2026,0000179,0000179,청주대학교,본교,대학,대학교,사립,충북,기존,2621,11943,6.1,99.9,2025,,대학주요정보 엔드포인트 미제공: StudentService API 또는 학생 현황 원자료 필요,https://www.academyinfo.go.kr/main/main2130/selectSchlList.do
2026,0000246,0000246,초당대학교,본교,대학,대학교,사립,전남,기존,717,2225,2.7,70.0,2025,,대학주요정보 엔드포인트 미제공: StudentService API 또는 학생 현황 원자료 필요,https://www.academyinfo.go.kr/main/main2130/selectSchlList.do
2026,0000180,0000180,총신대학교,본교,대학,대학교,사립,서울,기존,307,1398,5.3,100.0,2025,,대학주요정보 엔드포인트 미제공: StudentService API 또는 학생 현황 원자료 필요,https://www.academyinfo.go.kr/main/main2130/selectSchlList.do
2026,0000181,0000181,추계예술대학교,본교,대학,대학교,사립,서울,기존,250,1113,11.1,100.0,2025,,대학주요정보 엔드포인트 미제공: StudentService API 또는 학생 현황 원자료 필요,https://www.academyinfo.go.kr/main/main2130/selectSchlList.do
2026,0000262,0000262,춘천교육대학교,본교,대학,교육대학,국립,강원,기존,321,1186,5.2,100.0,2025,,대학주요정보 엔드포인트 미제공: StudentService API 또는 학생 현황 원자료 필요,https://www.academyinfo.go.kr/main/main2130/selectSchlList.do
2026,0000545,0000545,춘해보건대학교,본교,전문대학,전문대학,사립,울산,기존,654,2652,9.2,91.6,2025,,대학주요정보 엔드포인트 미제공: StudentService API 또는 학생 현황 원자료 필요,https://www.academyinfo.go.kr/main/main2130/selectSchlList.do
2026,0000029,0000029,충남대학교,본교,대학,대학교,국립,대전,기존,3778,17696,10.3,100.0,2025,,대학주요정보 엔드포인트 미제공: StudentService API 또는 학생 현황 원자료 필요,https://www.academyinfo.go.kr/main/main2130/selectSchlList.do
2026,0002657,0002657,충남도립대학교,본교,전문대학,전문대학,공립,충남,기존,447,968,3.7,100.0,2025,,대학주요정보 엔드포인트 미제공: StudentService API 또는 학생 현황 원자료 필요,https://www.academyinfo.go.kr/main/main2130/selectSchlList.do
2026,0000030,0000030,충북대학교,본교,대학,대학교,국립,충북,기존,3162,13228,11.8,100.1,2025,,대학주요정보 엔드포인트 미제공: StudentService API 또는 학생 현황 원자료 필요,https://www.academyinfo.go.kr/main/main2130/selectSchlList.do
2026,0000406,0000406,충북도립대학교,본교,전문대학,전문대학,공립,충북,기존,400,700,2.8,97.3,2025,,대학주요정보 엔드포인트 미제공: StudentService API 또는 학생 현황 원자료 필요,https://www.academyinfo.go.kr/main/main2130/selectSchlList.do
2026,0000536,0000536,충북보건과학대학교,본교,전문대학,전문대학,사립,충북,기존,977,3098,4.3,94.2,2025,,대학주요정보 엔드포인트 미제공: StudentService API 또는 학생 현황 원자료 필요,https://www.academyinfo.go.kr/main/main2130/selectSchlList.do
2026,0000547,0000547,충청대학교,본교,전문대학,전문대학,사립,충북,기존,1354,3148,3.3,90.2,2025,,대학주요정보 엔드포인트 미제공: StudentService API 또는 학생 현황 원자료 필요,https://www.academyinfo.go.kr/main/main2130/selectSchlList.do
2026,0002817,0002817,치유상담대학원대학교,본교,대학원대학,전문대학원,사립,서울,기존,71,118,-,76.1,2025,,대학주요정보 엔드포인트 미제공: StudentService API 또는 학생 현황 원자료 필요,https://www.academyinfo.go.kr/main/main2130/selectSchlList.do
2026,0000184,0000184,칼빈대학교,본교,대학,대학교,사립,경기,기존,90,2159,3.2,100.0,2025,,대학주요정보 엔드포인트 미제공: StudentService API 또는 학생 현황 원자료 필요,https://www.academyinfo.go.kr/main/main2130/selectSchlList.do
2026,0000185,0000185,탐라대학교,본교,대학,대학교,사립,제주,폐교,0,0,0,0.0,2025,,대학주요정보 엔드포인트 미제공: StudentService API 또는 학생 현황 원자료 필요,https://www.academyinfo.go.kr/main/main2130/selectSchlList.do
2026,0003183,0003183,태재대학교,본교,대학,사이버대학(대학),사립,서울,신설,100,46,1.9,0.0,2025,,대학주요정보 엔드포인트 미제공: StudentService API 또는 학생 현황 원자료 필요,https://www.academyinfo.go.kr/main/main2130/selectSchlList.do
2026,0000186,0000186,평택대학교,본교,대학,대학교,사립,경기,기존,833,3006,8.8,100.0,2025,,대학주요정보 엔드포인트 미제공: StudentService API 또는 학생 현황 원자료 필요,https://www.academyinfo.go.kr/main/main2130/selectSchlList.do
2026,0000188,0000188,포항공과대학교,본교,대학,대학교,사립,경북,기존,320,1477,9.5,98.8,2025,,대학주요정보 엔드포인트 미제공: StudentService API 또는 학생 현황 원자료 필요,https://www.academyinfo.go.kr/main/main2130/selectSchlList.do
2026,0002658,0002658,포항대학교,본교,전문대학,전문대학,사립,경북,기존,695,1423,2.3,81.2,2025,,대학주요정보 엔드포인트 미제공: StudentService API 또는 학생 현황 원자료 필요,https://www.academyinfo.go.kr/main/main2130/selectSchlList.do
2026,0000037,0000037,한경국립대학교,본교,대학,대학교,국립,경기,기존,1271,5428,7.2,100.0,2025,,대학주요정보 엔드포인트 미제공: StudentService API 또는 학생 현황 원자료 필요,https://www.academyinfo.go.kr/main/main2130/selectSchlList.do
2026,0000640,0000640,한국개발연구원국제정책대학원대학교,본교,대학원대학,전문대학원,사립,세종,기존,240,701,-,86.3,2025,,대학주요정보 엔드포인트 미제공: StudentService API 또는 학생 현황 원자료 필요,https://www.academyinfo.go.kr/main/main2130/selectSchlList.do
2026,0000578,0000578,한국골프과학기술대학교,본교,전문대학,전문대학,사립,강원,기존,160,465,1.9,100.0,2025,,대학주요정보 엔드포인트 미제공: StudentService API 또는 학생 현황 원자료 필요,https://www.academyinfo.go.kr/main/main2130/selectSchlList.do
2026,0000247,0000247,한국공학대학교,본교,대학,대학교,사립,경기,기존,1410,7596,8.7,100.1,2025,,대학주요정보 엔드포인트 미제공: StudentService API 또는 학생 현황 원자료 필요,https://www.academyinfo.go.kr/main/main2130/selectSchlList.do
2026,0000374,0000374,한국과학기술원,본교,대학,대학교,특별법법인,대전,기존,970,4008,10.2,101.2,2025,,대학주요정보 엔드포인트 미제공: StudentService API 또는 학생 현황 원자료 필요,https://www.academyinfo.go.kr/main/main2130/selectSchlList.do
2026,0000565,0000565,한국관광대학교,본교,전문대학,전문대학,사립,경기,기존,902,1209,6.1,66.0,2025,,대학주요정보 엔드포인트 미제공: StudentService API 또는 학생 현황 원자료 필요,https://www.academyinfo.go.kr/main/main2130/selectSchlList.do
2026,0000031,0000031,한국교원대학교,본교,대학,대학교,국립,충북,기존,546,2342,5.7,99.4,2025,,대학주요정보 엔드포인트 미제공: StudentService API 또는 학생 현황 원자료 필요,https://www.academyinfo.go.kr/main/main2130/selectSchlList.do
2026,0000189,0000189,한국기술교육대학교,본교,대학,대학교,사립,충남,기존,836,4157,8.1,100.0,2025,,대학주요정보 엔드포인트 미제공: StudentService API 또는 학생 현황 원자료 필요,https://www.academyinfo.go.kr/main/main2130/selectSchlList.do
2026,0003019,0003019,한국농수산대학교,본교,전문대학,전문대학,특별법국립,전북,기존,570,1550,3.1,93.0,2025,,대학주요정보 엔드포인트 미제공: StudentService API 또는 학생 현황 원자료 필요,https://www.academyinfo.go.kr/main/main2130/selectSchlList.do
2026,0000273,0000273,한국방송통신대학교,본교,대학,방송통신대학,국립,서울,기존,51970,92953,.2,16.7,2025,,대학주요정보 엔드포인트 미제공: StudentService API 또는 학생 현황 원자료 필요,https://www.academyinfo.go.kr/main/main2130/selectSchlList.do
2026,0002659,0002659,한국복지대학교,본교,전문대학,전문대학,국립,경기,폐교,0,155,0,0.0,2025,,대학주요정보 엔드포인트 미제공: StudentService API 또는 학생 현황 원자료 필요,https://www.academyinfo.go.kr/main/main2130/selectSchlList.do
2026,0000576,0000576,한국복지사이버대학교,본교,전문대학,사이버대학(전문대학),사립,경북,기존,1000,2329,1.2,90.1,2025,,대학주요정보 엔드포인트 미제공: StudentService API 또는 학생 현황 원자료 필요,https://www.academyinfo.go.kr/main/main2130/selectSchlList.do
2026,0000679,0000679,한국상담대학원대학교,본교,대학원대학,전문대학원,사립,서울,기존,91,193,-,94.5,2025,,대학주요정보 엔드포인트 미제공: StudentService API 또는 학생 현황 원자료 필요,https://www.academyinfo.go.kr/main/main2130/selectSchlList.do
2026,0000191,0000191,한국성서대학교,본교,대학,대학교,사립,서울,기존,228,972,5.4,100.0,2025,,대학주요정보 엔드포인트 미제공: StudentService API 또는 학생 현황 원자료 필요,https://www.academyinfo.go.kr/main/main2130/selectSchlList.do
2026,0000570,0000570,한국승강기대학교,본교,전문대학,전문대학,사립,경남,기존,297,1872,1,96.3,2025,,대학주요정보 엔드포인트 미제공: StudentService API 또는 학생 현황 원자료 필요,https://www.academyinfo.go.kr/main/main2130/selectSchlList.do
2026,0003139,0003139,한국에너지공과대학교,본교,대학,대학교,특별법법인,전남,기존,100,301,20.4,97.0,2025,,대학주요정보 엔드포인트 미제공: StudentService API 또는 학생 현황 원자료 필요,https://www.academyinfo.go.kr/main/main2130/selectSchlList.do
2026,0000326,0000326,한국열린사이버대학교,본교,대학,사이버대학(대학),사립,서울,기존,1000,5723,1.6,96.6,2025,,대학주요정보 엔드포인트 미제공: StudentService API 또는 학생 현황 원자료 필요,https://www.academyinfo.go.kr/main/main2130/selectSchlList.do
2026,0000522,0000522,한국영상대학교,본교,전문대학,전문대학,사립,세종,기존,1089,2953,4,92.4,2025,,대학주요정보 엔드포인트 미제공: StudentService API 또는 학생 현황 원자료 필요,https://www.academyinfo.go.kr/main/main2130/selectSchlList.do
2026,0000383,0000383,한국예술종합학교,본교,대학,각종학교(대학),특별법국립,서울,기존,558,2787,24.8,96.1,2025,,대학주요정보 엔드포인트 미제공: StudentService API 또는 학생 현황 원자료 필요,https://www.academyinfo.go.kr/main/main2130/selectSchlList.do
2026,0000192,0000192,한국외국어대학교,본교,대학,대학교,사립,서울,기존,3475,17101,14.3,99.9,2025,,대학주요정보 엔드포인트 미제공: StudentService API 또는 학생 현황 원자료 필요,https://www.academyinfo.go.kr/main/main2130/selectSchlList.do
2026,0000681,0000681,한국전력국제원자력대학원대학교,본교,대학원대학,전문대학원,사립,울산,기존,70,123,-,98.6,2025,,대학주요정보 엔드포인트 미제공: StudentService API 또는 학생 현황 원자료 필요,https://www.academyinfo.go.kr/main/main2130/selectSchlList.do
2026,0003022,0003022,한국전통문화대학교,본교,대학,대학교,특별법국립,충남,기존,140,583,6.2,100.0,2025,,대학주요정보 엔드포인트 미제공: StudentService API 또는 학생 현황 원자료 필요,https://www.academyinfo.go.kr/main/main2130/selectSchlList.do
2026,0000032,0000032,한국체육대학교,본교,대학,대학교,국립,서울,기존,535,2339,5.9,99.8,2025,,대학주요정보 엔드포인트 미제공: StudentService API 또는 학생 현황 원자료 필요,https://www.academyinfo.go.kr/main/main2130/selectSchlList.do
2026,0000182,0000182,한국침례신학대학교,본교,대학,대학교,사립,대전,기존,204,677,1.4,100.0,2025,,대학주요정보 엔드포인트 미제공: StudentService API 또는 학생 현황 원자료 필요,https://www.academyinfo.go.kr/main/main2130/selectSchlList.do
2026,0000585,0000585,한국폴리텍 I 대학 서울강서캠퍼스,본교,전문대학,기능대학,사립,서울,기존,255,440,1.7,82.0,2025,,대학주요정보 엔드포인트 미제공: StudentService API 또는 학생 현황 원자료 필요,https://www.academyinfo.go.kr/main/main2130/selectSchlList.do
2026,0000584,0000584,한국폴리텍 I 대학 서울정수캠퍼스,본교,전문대학,기능대학,사립,서울,기존,485,1051,2.5,90.9,2025,,대학주요정보 엔드포인트 미제공: StudentService API 또는 학생 현황 원자료 필요,https://www.academyinfo.go.kr/main/main2130/selectSchlList.do
2026,0000586,0000586,한국폴리텍 I 대학 성남캠퍼스,본교,전문대학,기능대학,사립,경기,기존,335,558,1.8,83.3,2025,,대학주요정보 엔드포인트 미제공: StudentService API 또는 학생 현황 원자료 필요,https://www.academyinfo.go.kr/main/main2130/selectSchlList.do
2026,0002912,0002912,한국폴리텍 I 대학 제주캠퍼스,본교,전문대학,기능대학,사립,제주,기존,25,52,1,100.0,2025,,대학주요정보 엔드포인트 미제공: StudentService API 또는 학생 현황 원자료 필요,https://www.academyinfo.go.kr/main/main2130/selectSchlList.do
2026,0000590,0000590,한국폴리텍 II 대학 남인천캠퍼스,본교,전문대학,기능대학,사립,인천,기존,25,85,2,84.0,2025,,대학주요정보 엔드포인트 미제공: StudentService API 또는 학생 현황 원자료 필요,https://www.academyinfo.go.kr/main/main2130/selectSchlList.do
2026,0000589,0000589,한국폴리텍 II 대학 인천캠퍼스,본교,전문대학,기능대학,사립,인천,기존,690,1342,1.9,82.6,2025,,대학주요정보 엔드포인트 미제공: StudentService API 또는 학생 현황 원자료 필요,https://www.academyinfo.go.kr/main/main2130/selectSchlList.do
2026,0003105,0003105,한국폴리텍 II 대학 화성캠퍼스,본교,전문대학,기능대학,사립,경기,기존,0,22,0,0.0,2025,,대학주요정보 엔드포인트 미제공: StudentService API 또는 학생 현황 원자료 필요,https://www.academyinfo.go.kr/main/main2130/selectSchlList.do
2026,0000594,0000594,한국폴리텍 III 대학 강릉캠퍼스,본교,전문대학,기능대학,사립,강원,기존,55,106,1.7,100.0,2025,,대학주요정보 엔드포인트 미제공: StudentService API 또는 학생 현황 원자료 필요,https://www.academyinfo.go.kr/main/main2130/selectSchlList.do
2026,0002854,0002854,한국폴리텍 III 대학 원주캠퍼스,본교,전문대학,기능대학,사립,강원,기존,50,113,2,86.0,2025,,대학주요정보 엔드포인트 미제공: StudentService API 또는 학생 현황 원자료 필요,https://www.academyinfo.go.kr/main/main2130/selectSchlList.do
2026,0000593,0000593,한국폴리텍 III 대학 춘천캠퍼스,본교,전문대학,기능대학,사립,강원,기존,150,213,1.5,66.0,2025,,대학주요정보 엔드포인트 미제공: StudentService API 또는 학생 현황 원자료 필요,https://www.academyinfo.go.kr/main/main2130/selectSchlList.do
2026,0000603,0000603,한국폴리텍 IV 대학 대전캠퍼스,본교,전문대학,기능대학,사립,대전,기존,330,628,1.7,83.3,2025,,대학주요정보 엔드포인트 미제공: StudentService API 또는 학생 현황 원자료 필요,https://www.academyinfo.go.kr/main/main2130/selectSchlList.do
2026,0000606,0000606,한국폴리텍 IV 대학 아산캠퍼스,본교,전문대학,기능대학,사립,충남,기존,215,388,1.4,69.9,2025,,대학주요정보 엔드포인트 미제공: StudentService API 또는 학생 현황 원자료 필요,https://www.academyinfo.go.kr/main/main2130/selectSchlList.do
2026,0000604,0000604,한국폴리텍 IV 대학 청주캠퍼스,본교,전문대학,기능대학,사립,충북,기존,285,654,1.9,95.8,2025,,대학주요정보 엔드포인트 미제공: StudentService API 또는 학생 현황 원자료 필요,https://www.academyinfo.go.kr/main/main2130/selectSchlList.do
2026,0000607,0000607,한국폴리텍 IV 대학 충남캠퍼스,본교,전문대학,기능대학,사립,충남,기존,105,189,.9,85.7,2025,,대학주요정보 엔드포인트 미제공: StudentService API 또는 학생 현황 원자료 필요,https://www.academyinfo.go.kr/main/main2130/selectSchlList.do
2026,0000616,0000616,한국폴리텍 V 대학 광주캠퍼스,본교,전문대학,기능대학,사립,광주,기존,340,771,2.3,96.8,2025,,대학주요정보 엔드포인트 미제공: StudentService API 또는 학생 현황 원자료 필요,https://www.academyinfo.go.kr/main/main2130/selectSchlList.do
2026,0002975,0002975,한국폴리텍 V 대학 순천캠퍼스,본교,전문대학,기능대학,사립,전남,기존,0,0,0,0.0,2025,,대학주요정보 엔드포인트 미제공: StudentService API 또는 학생 현황 원자료 필요,https://www.academyinfo.go.kr/main/main2130/selectSchlList.do
2026,0000620,0000620,한국폴리텍 V 대학 익산캠퍼스,본교,전문대학,기능대학,사립,전북,기존,50,105,1.5,76.0,2025,,대학주요정보 엔드포인트 미제공: StudentService API 또는 학생 현황 원자료 필요,https://www.academyinfo.go.kr/main/main2130/selectSchlList.do
2026,0000619,0000619,한국폴리텍 V 대학 전남캠퍼스,본교,전문대학,기능대학,사립,전남,기존,75,123,1.7,89.3,2025,,대학주요정보 엔드포인트 미제공: StudentService API 또는 학생 현황 원자료 필요,https://www.academyinfo.go.kr/main/main2130/selectSchlList.do
2026,0000617,0000617,한국폴리텍 V 대학 전북캠퍼스,본교,전문대학,기능대학,사립,전북,기존,180,359,1.6,90.0,2025,,대학주요정보 엔드포인트 미제공: StudentService API 또는 학생 현황 원자료 필요,https://www.academyinfo.go.kr/main/main2130/selectSchlList.do
2026,0000624,0000624,한국폴리텍 VI 대학 구미캠퍼스,본교,전문대학,기능대학,사립,경북,기존,235,500,1.5,94.0,2025,,대학주요정보 엔드포인트 미제공: StudentService API 또는 학생 현황 원자료 필요,https://www.academyinfo.go.kr/main/main2130/selectSchlList.do
2026,0000623,0000623,한국폴리텍 VI 대학 대구캠퍼스,본교,전문대학,기능대학,사립,대구,기존,275,442,1.4,79.3,2025,,대학주요정보 엔드포인트 미제공: StudentService API 또는 학생 현황 원자료 필요,https://www.academyinfo.go.kr/main/main2130/selectSchlList.do
2026,0000636,0000636,한국폴리텍 VI 대학 영남융합기술캠퍼스,본교,전문대학,기능대학,사립,대구,기존,110,172,1.5,69.1,2025,,대학주요정보 엔드포인트 미제공: StudentService API 또는 학생 현황 원자료 필요,https://www.academyinfo.go.kr/main/main2130/selectSchlList.do
2026,0002674,0002674,한국폴리텍 VI 대학 영주캠퍼스,본교,전문대학,기능대학,사립,경북,기존,25,52,1,100.0,2025,,대학주요정보 엔드포인트 미제공: StudentService API 또는 학생 현황 원자료 필요,https://www.academyinfo.go.kr/main/main2130/selectSchlList.do
2026,0003163,0003163,한국폴리텍 VII 대학 동부산캠퍼스,본교,전문대학,기능대학,사립,부산,기존,0,5,0,0.0,2025,,대학주요정보 엔드포인트 미제공: StudentService API 또는 학생 현황 원자료 필요,https://www.academyinfo.go.kr/main/main2130/selectSchlList.do
2026,0000632,0000632,한국폴리텍 VII 대학 부산캠퍼스,본교,전문대학,기능대학,사립,부산,기존,320,650,1.6,83.8,2025,,대학주요정보 엔드포인트 미제공: StudentService API 또는 학생 현황 원자료 필요,https://www.academyinfo.go.kr/main/main2130/selectSchlList.do
2026,0000633,0000633,한국폴리텍 VII 대학 울산캠퍼스,본교,전문대학,기능대학,사립,울산,기존,280,629,2.2,100.0,2025,,대학주요정보 엔드포인트 미제공: StudentService API 또는 학생 현황 원자료 필요,https://www.academyinfo.go.kr/main/main2130/selectSchlList.do
2026,0003157,0003157,한국폴리텍 VII 대학 진주캠퍼스,본교,전문대학,기능대학,사립,경남,기존,0,0,0,0.0,2025,,대학주요정보 엔드포인트 미제공: StudentService API 또는 학생 현황 원자료 필요,https://www.academyinfo.go.kr/main/main2130/selectSchlList.do
2026,0000631,0000631,한국폴리텍 VII 대학 창원캠퍼스,본교,전문대학,기능대학,사립,경남,기존,540,1413,3.2,100.0,2025,,대학주요정보 엔드포인트 미제공: StudentService API 또는 학생 현황 원자료 필요,https://www.academyinfo.go.kr/main/main2130/selectSchlList.do
2026,0003104,0003104,한국폴리텍 특성화대학 로봇캠퍼스,본교,전문대학,기능대학,사립,경북,기존,100,136,1.2,66.0,2025,,대학주요정보 엔드포인트 미제공: StudentService API 또는 학생 현황 원자료 필요,https://www.academyinfo.go.kr/main/main2130/selectSchlList.do
2026,0000635,0000635,한국폴리텍 특성화대학 바이오캠퍼스,본교,전문대학,기능대학,사립,충남,기존,160,283,1.4,74.4,2025,,대학주요정보 엔드포인트 미제공: StudentService API 또는 학생 현황 원자료 필요,https://www.academyinfo.go.kr/main/main2130/selectSchlList.do
2026,0000637,0000637,한국폴리텍 특성화대학 반도체융합캠퍼스,본교,전문대학,기능대학,사립,경기,기존,255,370,1.2,59.6,2025,,대학주요정보 엔드포인트 미제공: StudentService API 또는 학생 현황 원자료 필요,https://www.academyinfo.go.kr/main/main2130/selectSchlList.do
2026,0000638,0000638,한국폴리텍 특성화대학 항공캠퍼스,본교,전문대학,기능대학,사립,경남,기존,135,248,1.8,76.3,2025,,대학주요정보 엔드포인트 미제공: StudentService API 또는 학생 현황 원자료 필요,https://www.academyinfo.go.kr/main/main2130/selectSchlList.do
2026,0000683,0000683,한국학대학원,본교,대학원대학,일반대학원,특별법법인,경기,기존,60,236,-,78.3,2025,,대학주요정보 엔드포인트 미제공: StudentService API 또는 학생 현황 원자료 필요,https://www.academyinfo.go.kr/main/main2130/selectSchlList.do
2026,0000194,0000194,한국항공대학교,본교,대학,대학교,사립,경기,기존,827,4255,13.5,100.2,2025,,대학주요정보 엔드포인트 미제공: StudentService API 또는 학생 현황 원자료 필요,https://www.academyinfo.go.kr/main/main2130/selectSchlList.do
2026,0000195,0000195,한남대학교,본교,대학,대학교,사립,대전,기존,2715,11608,5.1,100.0,2025,,대학주요정보 엔드포인트 미제공: StudentService API 또는 학생 현황 원자료 필요,https://www.academyinfo.go.kr/main/main2130/selectSchlList.do
2026,0000196,0000196,한동대학교,본교,대학,대학교,사립,경북,기존,729,3876,4.8,100.0,2025,,대학주요정보 엔드포인트 미제공: StudentService API 또는 학생 현황 원자료 필요,https://www.academyinfo.go.kr/main/main2130/selectSchlList.do
2026,0000197,0000197,한라대학교,본교,대학,대학교,사립,강원,기존,867,3128,5.2,98.0,2025,,대학주요정보 엔드포인트 미제공: StudentService API 또는 학생 현황 원자료 필요,https://www.academyinfo.go.kr/main/main2130/selectSchlList.do
2026,0000242,0000242,한려대학교,본교,대학,대학교,사립,전남,폐교,0,0,0,0.0,2025,,대학주요정보 엔드포인트 미제공: StudentService API 또는 학생 현황 원자료 필요,https://www.academyinfo.go.kr/main/main2130/selectSchlList.do
2026,0000673,0000673,한림국제대학원대학교,본교,대학원대학,특수대학원,사립,서울,기존,100,280,-,97.0,2025,,대학주요정보 엔드포인트 미제공: StudentService API 또는 학생 현황 원자료 필요,https://www.academyinfo.go.kr/main/main2130/selectSchlList.do
2026,0000198,0000198,한림대학교,본교,대학,대학교,사립,강원,기존,1849,7575,5.4,99.9,2025,,대학주요정보 엔드포인트 미제공: StudentService API 또는 학생 현황 원자료 필요,https://www.academyinfo.go.kr/main/main2130/selectSchlList.do
2026,0000553,0000553,한림성심대학교,본교,전문대학,전문대학,사립,강원,기존,786,2443,5.4,94.3,2025,,대학주요정보 엔드포인트 미제공: StudentService API 또는 학생 현황 원자료 필요,https://www.academyinfo.go.kr/main/main2130/selectSchlList.do
2026,0000676,0000676,한반도국제대학원대학교,본교,대학원대학,특수대학원,사립,서울,기존,50,44,-,22.0,2025,,대학주요정보 엔드포인트 미제공: StudentService API 또는 학생 현황 원자료 필요,https://www.academyinfo.go.kr/main/main2130/selectSchlList.do
2026,0000263,0000263,한밭대학교(산업대),본교,대학,산업대학,국립,대전,폐교,0,0,0,0.0,2025,,대학주요정보 엔드포인트 미제공: StudentService API 또는 학생 현황 원자료 필요,https://www.academyinfo.go.kr/main/main2130/selectSchlList.do
2026,0000199,0000199,한서대학교,본교,대학,대학교,사립,충남,기존,1529,6117,7.4,99.9,2025,,대학주요정보 엔드포인트 미제공: StudentService API 또는 학생 현황 원자료 필요,https://www.academyinfo.go.kr/main/main2130/selectSchlList.do
2026,0000200,0000200,한성대학교,본교,대학,대학교,사립,서울,기존,1498,7011,10.4,100.0,2025,,대학주요정보 엔드포인트 미제공: StudentService API 또는 학생 현황 원자료 필요,https://www.academyinfo.go.kr/main/main2130/selectSchlList.do
2026,0000201,0000201,한세대학교,본교,대학,대학교,사립,경기,기존,566,2509,11.7,99.8,2025,,대학주요정보 엔드포인트 미제공: StudentService API 또는 학생 현황 원자료 필요,https://www.academyinfo.go.kr/main/main2130/selectSchlList.do
2026,0000202,0000202,한신대학교,본교,대학,대학교,사립,경기,기존,1193,5172,6.9,100.0,2025,,대학주요정보 엔드포인트 미제공: StudentService API 또는 학생 현황 원자료 필요,https://www.academyinfo.go.kr/main/main2130/selectSchlList.do
2026,0000203,0000203,한양대학교,본교,대학,대학교,사립,서울,기존,2906,16432,22,99.3,2025,,대학주요정보 엔드포인트 미제공: StudentService API 또는 학생 현황 원자료 필요,https://www.academyinfo.go.kr/main/main2130/selectSchlList.do
2026,0000203,0000204,한양대학교(ERICA),분교,대학,대학교,사립,경기,기존,2019,10890,14.9,99.8,2025,,대학주요정보 엔드포인트 미제공: StudentService API 또는 학생 현황 원자료 필요,https://www.academyinfo.go.kr/main/main2130/selectSchlList.do
2026,0000331,0000331,한양사이버대학교,본교,대학,사이버대학(대학),사립,서울,기존,3440,16640,1.2,81.9,2025,,대학주요정보 엔드포인트 미제공: StudentService API 또는 학생 현황 원자료 필요,https://www.academyinfo.go.kr/main/main2130/selectSchlList.do
2026,0000554,0000554,한양여자대학교,본교,전문대학,전문대학,사립,서울,기존,2291,6503,11,100.0,2025,,대학주요정보 엔드포인트 미제공: StudentService API 또는 학생 현황 원자료 필요,https://www.academyinfo.go.kr/main/main2130/selectSchlList.do
2026,0000555,0000555,한영대학교,본교,전문대학,전문대학,사립,전남,기존,512,1392,2.1,98.4,2025,,대학주요정보 엔드포인트 미제공: StudentService API 또는 학생 현황 원자료 필요,https://www.academyinfo.go.kr/main/main2130/selectSchlList.do
2026,0000206,0000206,한일장신대학교,본교,대학,대학교,사립,전북,기존,219,699,1.5,60.3,2025,,대학주요정보 엔드포인트 미제공: StudentService API 또는 학생 현황 원자료 필요,https://www.academyinfo.go.kr/main/main2130/selectSchlList.do
2026,0000220,0000220,한중대학교,본교,대학,대학교,사립,강원,폐교,0,0,0,0.0,2025,,대학주요정보 엔드포인트 미제공: StudentService API 또는 학생 현황 원자료 필요,https://www.academyinfo.go.kr/main/main2130/selectSchlList.do
2026,0000647,0000647,합동신학대학원대학교,본교,대학원대학,전문대학원,사립,경기,기존,101,216,-,82.2,2025,,대학주요정보 엔드포인트 미제공: StudentService API 또는 학생 현황 원자료 필요,https://www.academyinfo.go.kr/main/main2130/selectSchlList.do
2026,0000207,0000207,협성대학교,본교,대학,대학교,사립,경기,기존,1004,3773,8.3,100.0,2025,,대학주요정보 엔드포인트 미제공: StudentService API 또는 학생 현황 원자료 필요,https://www.academyinfo.go.kr/main/main2130/selectSchlList.do
2026,0000556,0000556,혜전대학교,본교,전문대학,전문대학,사립,충남,기존,882,2943,6.4,95.9,2025,,대학주요정보 엔드포인트 미제공: StudentService API 또는 학생 현황 원자료 필요,https://www.academyinfo.go.kr/main/main2130/selectSchlList.do
2026,0000208,0000208,호남대학교,본교,대학,대학교,사립,광주,기존,1537,6223,5.2,95.9,2025,,대학주요정보 엔드포인트 미제공: StudentService API 또는 학생 현황 원자료 필요,https://www.academyinfo.go.kr/main/main2130/selectSchlList.do
2026,0000209,0000209,호남신학대학교,본교,대학,대학교,사립,광주,기존,119,396,1.2,100.0,2025,,대학주요정보 엔드포인트 미제공: StudentService API 또는 학생 현황 원자료 필요,https://www.academyinfo.go.kr/main/main2130/selectSchlList.do
2026,0000415,0000415,호산대학교,본교,전문대학,전문대학,사립,경북,기존,676,2479,4.1,100.0,2025,,대학주요정보 엔드포인트 미제공: StudentService API 또는 학생 현황 원자료 필요,https://www.academyinfo.go.kr/main/main2130/selectSchlList.do
2026,0000211,0000211,호서대학교,본교,대학,대학교,사립,충남,기존,2881,11923,6.6,100.0,2025,,대학주요정보 엔드포인트 미제공: StudentService API 또는 학생 현황 원자료 필요,https://www.academyinfo.go.kr/main/main2130/selectSchlList.do
2026,0000282,0000282,호원대학교,본교,대학,산업대학,사립,전북,기존,1026,5013,10.2,97.0,2025,,대학주요정보 엔드포인트 미제공: StudentService API 또는 학생 현황 원자료 필요,https://www.academyinfo.go.kr/main/main2130/selectSchlList.do
2026,0000212,0002949,홍익대학교,제2캠퍼스,대학,대학교,사립,세종,기존,1330,5518,6.8,99.9,2025,,대학주요정보 엔드포인트 미제공: StudentService API 또는 학생 현황 원자료 필요,https://www.academyinfo.go.kr/main/main2130/selectSchlList.do
2026,0000212,0000212,홍익대학교,본교,대학,대학교,사립,서울,기존,2371,12368,17.9,99.8,2025,,대학주요정보 엔드포인트 미제공: StudentService API 또는 학생 현황 원자료 필요,https://www.academyinfo.go.kr/main/main2130/selectSchlList.do
2026,0000233,0000233,화성의과학대학교,본교,대학,대학교,사립,경기,기존,282,533,5.6,81.3,2025,,대학주요정보 엔드포인트 미제공: StudentService API 또는 학생 현황 원자료 필요,https://www.academyinfo.go.kr/main/main2130/selectSchlList.do
2026,0000333,0000333,화신사이버대학교,본교,대학,사이버대학(대학),사립,부산,기존,568,2093,1.5,100.0,2025,,대학주요정보 엔드포인트 미제공: StudentService API 또는 학생 현황 원자료 필요,https://www.academyinfo.go.kr/main/main2130/selectSchlList.do
2026,0000648,0000648,횃불트리니티신학대학원대학교,본교,대학원대학,전문대학원,사립,서울,기존,138,380,-,97.8,2025,,대학주요정보 엔드포인트 미제공: StudentService API 또는 학생 현황 원자료 필요,https://www.academyinfo.go.kr/main/main2130/selectSchlList.do
