기준년도,학교명,캠퍼스구분,학교종류,설립구분,지역,재학생수,기숙사실수,기숙사수용인원,기숙사지원자수,기숙사경쟁률,기숙사수용률
2008,감리교신학대학교,본교,대학교,사립,서울,865.0,150,300,0.0,0.0,34.7
2008,강서대학교,본교,대학교,사립,서울,902.0,30,85,0.0,0.0,9.4
2008,건국대학교,본교,대학교,사립,서울,15894.0,1319,2695,0.0,0.0,17.0
2008,경희대학교,본교,대학교,사립,서울,13968.0,627,1417,0.0,0.0,10.1
2008,고려대학교,본교,대학교,사립,서울,25256.0,643,1405,0.0,0.0,5.6
2008,광운대학교,본교,대학교,사립,서울,8420.0,32,150,0.0,0.0,1.8
2008,국민대학교,본교,대학교,사립,서울,13563.0,210,828,0.0,0.0,6.1
2008,덕성여자대학교,본교,대학교,사립,서울,5808.0,228,352,0.0,0.0,6.1
2008,동국대학교,본교,대학교,사립,서울,12834.0,115,508,0.0,0.0,4.0
2008,동덕여자대학교,본교,대학교,사립,서울,7018.0,0,0,0.0,0.0,0.0
2008,삼육대학교,본교,대학교,사립,서울,4940.0,272,1334,0.0,0.0,27.0
2008,상명대학교,본교,대학교,사립,서울,6690.0,0,0,0.0,0.0,0.0
2008,서강대학교,본교,대학교,사립,서울,9241.0,88,336,0.0,0.0,3.6
2008,서경대학교,본교,대학교,사립,서울,5982.0,0,0,0.0,0.0,0.0
2008,서울기독대학교,본교,대학교,사립,서울,723.0,28,103,0.0,0.0,14.2
2008,서울여자대학교,본교,대학교,사립,서울,7435.0,156,468,0.0,0.0,6.3
2008,서울한영대학교,본교,대학교,사립,서울,498.0,0,0,0.0,0.0,0.0
2008,성공회대학교,본교,대학교,사립,서울,2305.0,0,0,0.0,0.0,0.0
2008,성균관대학교,본교,대학교,사립,서울,22356.0,1158,2698,0.0,0.0,12.1
2008,성신여자대학교,본교,대학교,사립,서울,8637.0,52,185,0.0,0.0,2.1
2008,세종대학교,본교,대학교,사립,서울,11300.0,45,132,0.0,0.0,1.2
2008,숙명여자대학교,본교,대학교,사립,서울,11069.0,65,130,0.0,0.0,1.2
2008,숭실대학교,본교,대학교,사립,서울,13848.0,116,270,0.0,0.0,1.9
2008,연세대학교,본교,대학교,사립,서울,25048.0,1451,2648,0.0,0.0,10.6
2008,이화여자대학교,본교,대학교,사립,서울,20983.0,832,1441,0.0,0.0,6.9
2008,장로회신학대학교,본교,대학교,사립,서울,1225.0,194,761,0.0,0.0,62.1
2008,중앙대학교,본교,대학교,사립,서울,15994.0,242,705,0.0,0.0,4.4
2008,총신대학교,본교,대학교,사립,서울,1910.0,80,311,0.0,0.0,16.3
2008,추계예술대학교,본교,대학교,사립,서울,1274.0,0,0,0.0,0.0,0.0
2008,한국성서대학교,본교,대학교,사립,서울,702.0,38,115,0.0,0.0,16.4
2008,한국외국어대학교,본교,대학교,사립,서울,9431.0,323,712,0.0,0.0,7.5
2008,한성대학교,본교,대학교,사립,서울,4470.0,56,100,0.0,0.0,2.2
2008,한양대학교,본교,대학교,사립,서울,19674.0,498,1197,0.0,0.0,6.1
2008,홍익대학교,본교,대학교,사립,서울,12877.0,126,624,0.0,0.0,4.8
2009,감리교신학대학교,본교,대학교,사립,서울,878.0,150,300,0.0,0.0,34.2
2009,강서대학교,본교,대학교,사립,서울,1370.0,30,85,0.0,0.0,6.2
2009,건국대학교,본교,대학교,사립,서울,16742.0,1350,2497,0.0,0.0,14.9
2009,경희대학교,본교,대학교,사립,서울,14285.0,673,1538,0.0,0.0,10.8
2009,고려대학교,본교,대학교,사립,서울,25778.0,683,2303,0.0,0.0,8.9
2009,광운대학교,본교,대학교,사립,서울,8868.0,32,162,0.0,0.0,1.8
2009,국민대학교,본교,대학교,사립,서울,14639.0,226,894,0.0,0.0,6.1
2009,덕성여자대학교,본교,대학교,사립,서울,5875.0,228,352,0.0,0.0,6.0
2009,동국대학교,본교,대학교,사립,서울,14373.0,125,538,0.0,0.0,3.7
2009,동덕여자대학교,본교,대학교,사립,서울,7495.0,0,0,0.0,0.0,0.0
2009,삼육대학교,본교,대학교,사립,서울,5148.0,272,1334,0.0,0.0,25.9
2009,서강대학교,본교,대학교,사립,서울,9411.0,533,1230,0.0,0.0,13.1
2009,서경대학교,본교,대학교,사립,서울,6444.0,0,0,0.0,0.0,0.0
2009,서울기독대학교,본교,대학교,사립,서울,776.0,28,103,0.0,0.0,13.3
2009,서울여자대학교,본교,대학교,사립,서울,7751.0,245,969,0.0,0.0,12.5
2009,서울한영대학교,본교,대학교,사립,서울,756.0,0,0,0.0,0.0,0.0
2009,성공회대학교,본교,대학교,사립,서울,2400.0,13,0,0.0,0.0,0.0
2009,성균관대학교,본교,대학교,사립,서울,13115.0,326,973,0.0,0.0,7.4
2009,성신여자대학교,본교,대학교,사립,서울,10425.0,52,215,0.0,0.0,2.1
2009,세종대학교,본교,대학교,사립,서울,11817.0,117,249,0.0,0.0,2.1
2009,숙명여자대학교,본교,대학교,사립,서울,11340.0,377,716,0.0,0.0,6.3
2009,숭실대학교,본교,대학교,사립,서울,14177.0,116,270,0.0,0.0,1.9
2009,연세대학교,본교,대학교,사립,서울,25737.0,1250,2648,0.0,0.0,10.3
2009,이화여자대학교,본교,대학교,사립,서울,19296.0,856,1496,0.0,0.0,7.8
2009,장로회신학대학교,본교,대학교,사립,서울,1240.0,243,895,0.0,0.0,72.2
2009,중앙대학교,본교,대학교,사립,서울,16082.0,287,741,0.0,0.0,4.6
2009,총신대학교,본교,대학교,사립,서울,3285.0,431,1715,0.0,0.0,52.2
2009,추계예술대학교,본교,대학교,사립,서울,1320.0,0,0,0.0,0.0,0.0
2009,한국성서대학교,본교,대학교,사립,서울,1031.0,38,152,0.0,0.0,14.7
2009,한국외국어대학교,본교,대학교,사립,서울,10100.0,323,712,0.0,0.0,7.0
2009,한성대학교,본교,대학교,사립,서울,7027.0,44,104,0.0,0.0,1.5
2009,한양대학교,본교,대학교,사립,서울,20223.0,693,2013,0.0,0.0,10.0
2009,홍익대학교,본교,대학교,사립,서울,12973.0,181,653,0.0,0.0,5.0
2010,감리교신학대학교,본교,대학교,사립,서울,1421.0,150,300,0.0,0.0,21.1
2010,강서대학교,본교,대학교,사립,서울,1462.0,30,85,0.0,0.0,5.8
2010,건국대학교,본교,대학교,사립,서울,18078.0,1855,3672,0.0,0.0,20.3
2010,경희대학교,본교,대학교,사립,서울,14931.0,673,1538,0.0,0.0,10.3
2010,고려대학교,본교,대학교,사립,서울,26164.0,669,2303,0.0,0.0,8.8
2010,광운대학교,본교,대학교,사립,서울,9094.0,32,162,0.0,0.0,1.8
2010,국민대학교,본교,대학교,사립,서울,15225.0,239,939,0.0,0.0,6.2
2010,덕성여자대학교,본교,대학교,사립,서울,5931.0,228,352,0.0,0.0,5.9
2010,동국대학교,본교,대학교,사립,서울,15376.0,75,572,0.0,0.0,3.7
2010,동덕여자대학교,본교,대학교,사립,서울,7580.0,0,0,0.0,0.0,0.0
2010,삼육대학교,본교,대학교,사립,서울,5431.0,272,1384,0.0,0.0,25.5
2010,서강대학교,본교,대학교,사립,서울,10042.0,535,1252,0.0,0.0,12.5
2010,서경대학교,본교,대학교,사립,서울,6637.0,0,0,0.0,0.0,0.0
2010,서울기독대학교,본교,대학교,사립,서울,894.0,28,101,0.0,0.0,11.3
2010,서울여자대학교,본교,대학교,사립,서울,8035.0,314,882,0.0,0.0,11.0
2010,성공회대학교,본교,대학교,사립,서울,2401.0,13,0,0.0,0.0,0.0
2010,성균관대학교,본교,대학교,사립,서울,23913.0,2457,4836,0.0,0.0,20.2
2010,성신여자대학교,본교,대학교,사립,서울,10700.0,53,241,0.0,0.0,2.3
2010,세종대학교,본교,대학교,사립,서울,11902.0,82,183,0.0,0.0,1.5
2010,숙명여자대학교,본교,대학교,사립,서울,11712.0,407,869,0.0,0.0,7.4
2010,숭실대학교,본교,대학교,사립,서울,14423.0,725,1559,0.0,0.0,10.8
2010,연세대학교,본교,대학교,사립,서울,26269.0,1637,3293,0.0,0.0,12.5
2010,이화여자대학교,본교,대학교,사립,서울,19289.0,860,1502,0.0,0.0,7.8
2010,장로회신학대학교,본교,대학교,사립,서울,2154.0,241,877,0.0,0.0,40.7
2010,중앙대학교,본교,대학교,사립,서울,16401.0,181,743,0.0,0.0,4.5
2010,총신대학교,본교,대학교,사립,서울,3199.0,435,2033,0.0,0.0,63.6
2010,한국성서대학교,본교,대학교,사립,서울,1083.0,38,152,0.0,0.0,14.0
2010,한국외국어대학교,본교,대학교,사립,서울,10208.0,393,862,0.0,0.0,8.4
2010,한성대학교,본교,대학교,사립,서울,7213.0,61,144,0.0,0.0,2.0
2010,한양대학교,본교,대학교,사립,서울,20152.0,689,1666,0.0,0.0,8.3
2010,홍익대학교,본교,대학교,사립,서울,13179.0,181,653,0.0,0.0,5.0
2011,감리교신학대학교,본교,대학교,사립,서울,1603.0,150,300,0.0,0.0,18.7
2011,강서대학교,본교,대학교,사립,서울,1386.0,31,89,0.0,0.0,6.4
2011,건국대학교,본교,대학교,사립,서울,18727.0,1855,3597,0.0,0.0,19.2
2011,경희대학교,본교,대학교,사립,서울,15189.0,709,1538,0.0,0.0,10.1
2011,고려대학교,본교,대학교,사립,서울,32066.0,984,2164,0.0,0.0,6.7
2011,광운대학교,본교,대학교,사립,서울,9343.0,32,162,0.0,0.0,1.7
2011,국민대학교,본교,대학교,사립,서울,15703.0,407,1614,0.0,0.0,10.3
2011,덕성여자대학교,본교,대학교,사립,서울,6204.0,285,571,0.0,0.0,9.2
2011,동국대학교,본교,대학교,사립,서울,15563.0,130,732,0.0,0.0,4.7
2011,삼육대학교,본교,대학교,사립,서울,5730.0,247,671,0.0,0.0,11.7
2011,상명대학교,본교,대학교,사립,서울,7068.0,0,0,0.0,0.0,0.0
2011,서강대학교,본교,대학교,사립,서울,10148.0,531,1222,0.0,0.0,12.0
2011,서울기독대학교,본교,대학교,사립,서울,861.0,26,92,0.0,0.0,10.7
2011,서울여자대학교,본교,대학교,사립,서울,8291.0,335,867,0.0,0.0,10.5
2011,서울한영대학교,본교,대학교,사립,서울,848.0,19,33,0.0,0.0,3.9
2011,성공회대학교,본교,대학교,사립,서울,2503.0,64,159,0.0,0.0,6.4
2011,성균관대학교,본교,대학교,사립,서울,24163.0,2451,5023,0.0,0.0,20.8
2011,성신여자대학교,본교,대학교,사립,서울,10922.0,83,246,0.0,0.0,2.3
2011,세종대학교,본교,대학교,사립,서울,12187.0,115,176,0.0,0.0,1.4
2011,숙명여자대학교,본교,대학교,사립,서울,11920.0,482,1046,0.0,0.0,8.8
2011,숭실대학교,본교,대학교,사립,서울,15259.0,725,1429,0.0,0.0,9.4
2011,연세대학교,본교,대학교,사립,서울,26546.0,2601,5080,0.0,0.0,19.1
2011,이화여자대학교,본교,대학교,사립,서울,19636.0,860,1502,0.0,0.0,7.6
2011,장로회신학대학교,본교,대학교,사립,서울,2289.0,237,842,0.0,0.0,36.8
2011,중앙대학교,본교,대학교,사립,서울,16629.0,602,1643,0.0,0.0,9.9
2011,총신대학교,본교,대학교,사립,서울,3175.0,429,1679,0.0,0.0,52.9
2011,한국성서대학교,본교,대학교,사립,서울,1093.0,38,152,0.0,0.0,13.9
2011,한국외국어대학교,본교,대학교,사립,서울,10334.0,419,864,0.0,0.0,8.4
2011,한성대학교,본교,대학교,사립,서울,7556.0,61,144,0.0,0.0,1.9
2011,한양대학교,본교,대학교,사립,서울,20094.0,746,1793,0.0,0.0,8.9
2011,홍익대학교,본교,대학교,사립,서울,13566.0,162,577,0.0,0.0,4.3
2012,감리교신학대학교,본교,대학교,사립,서울,1591.0,150,300,0.0,0.0,18.9
2012,강서대학교,본교,대학교,사립,서울,1431.0,31,87,0.0,0.0,6.1
2012,건국대학교,본교,대학교,사립,서울,18927.0,1854,3595,0.0,0.0,19.0
2012,경희대학교,본교,대학교,사립,서울,28917.0,2710,5960,0.0,0.0,20.6
2012,고려대학교,본교,대학교,사립,서울,25292.0,1129,2325,0.0,0.0,9.2
2012,광운대학교,본교,대학교,사립,서울,9612.0,32,162,0.0,0.0,1.7
2012,국민대학교,본교,대학교,사립,서울,16519.0,450,1666,0.0,0.0,10.1
2012,덕성여자대학교,본교,대학교,사립,서울,6412.0,277,560,0.0,0.0,8.7
2012,동국대학교,본교,대학교,사립,서울,15824.0,572,1483,0.0,0.0,9.4
2012,삼육대학교,본교,대학교,사립,서울,5825.0,212,655,0.0,0.0,11.2
2012,상명대학교,본교,대학교,사립,서울,7033.0,96,217,0.0,0.0,3.1
2012,서강대학교,본교,대학교,사립,서울,10321.0,531,1222,0.0,0.0,11.8
2012,서울기독대학교,본교,대학교,사립,서울,999.0,25,88,0.0,0.0,8.8
2012,서울여자대학교,본교,대학교,사립,서울,8526.0,335,858,0.0,0.0,10.1
2012,서울한영대학교,본교,대학교,사립,서울,957.0,16,33,0.0,0.0,3.4
2012,성공회대학교,본교,대학교,사립,서울,2525.0,64,164,0.0,0.0,6.5
2012,성균관대학교,본교,대학교,사립,서울,23733.0,2507,5122,0.0,0.0,21.6
2012,성신여자대학교,본교,대학교,사립,서울,10933.0,116,305,0.0,0.0,2.8
2012,세종대학교,본교,대학교,사립,서울,12326.0,170,334,0.0,0.0,2.7
2012,숙명여자대학교,본교,대학교,사립,서울,12121.0,531,1150,0.0,0.0,9.5
2012,숭실대학교,본교,대학교,사립,서울,15893.0,783,1542,0.0,0.0,9.7
2012,연세대학교,본교,대학교,사립,서울,27454.0,2709,5264,0.0,0.0,19.2
2012,이화여자대학교,본교,대학교,사립,서울,19932.0,931,1643,0.0,0.0,8.2
2012,장로회신학대학교,본교,대학교,사립,서울,2279.0,238,847,0.0,0.0,37.2
2012,중앙대학교,본교,대학교,사립,서울,17453.0,602,1643,0.0,0.0,9.4
2012,총신대학교,본교,대학교,사립,서울,3221.0,421,1674,0.0,0.0,52.0
2012,한국성서대학교,본교,대학교,사립,서울,1145.0,34,136,0.0,0.0,11.9
2012,한국외국어대학교,본교,대학교,사립,서울,10581.0,434,852,0.0,0.0,8.1
2012,한성대학교,본교,대학교,사립,서울,7697.0,86,243,0.0,0.0,3.2
2012,한양대학교,본교,대학교,사립,서울,20050.0,614,1273,0.0,0.0,6.3
2012,홍익대학교,본교,대학교,사립,서울,13691.0,162,571,0.0,0.0,4.2
2013,감리교신학대학교,본교,대학교,사립,서울,1446.0,150,300,0.0,0.0,20.7
2013,강서대학교,본교,대학교,사립,서울,1440.0,42,126,0.0,0.0,8.8
2013,건국대학교,본교,대학교,사립,서울,19091.0,1769,3434,0.0,0.0,18.0
2013,경희대학교,본교,대학교,사립,서울,28657.0,2481,5572,0.0,0.0,19.4
2013,고려대학교,본교,대학교,사립,서울,25233.0,1024,2353,0.0,0.0,9.3
2013,광운대학교,본교,대학교,사립,서울,9690.0,32,162,0.0,0.0,1.7
2013,국민대학교,본교,대학교,사립,서울,16784.0,460,1710,0.0,0.0,10.2
2013,덕성여자대학교,본교,대학교,사립,서울,6627.0,319,630,0.0,0.0,9.5
2013,동국대학교,본교,대학교,사립,서울,15790.0,485,1109,0.0,0.0,7.0
2013,동덕여자대학교,본교,대학교,사립,서울,8279.0,75,268,0.0,0.0,3.2
2013,삼육대학교,본교,대학교,사립,서울,5722.0,209,655,0.0,0.0,11.4
2013,상명대학교,본교,대학교,사립,서울,7129.0,143,590,0.0,0.0,8.3
2013,서강대학교,본교,대학교,사립,서울,10291.0,531,1222,0.0,0.0,11.9
2013,서경대학교,본교,대학교,사립,서울,6924.0,0,0,0.0,0.0,0.0
2013,서울기독대학교,본교,대학교,사립,서울,893.0,24,92,0.0,0.0,10.3
2013,서울여자대학교,본교,대학교,사립,서울,8369.0,335,867,0.0,0.0,10.4
2013,서울한영대학교,본교,대학교,사립,서울,957.0,16,33,0.0,0.0,3.4
2013,성공회대학교,본교,대학교,사립,서울,2523.0,53,149,0.0,0.0,5.9
2013,성균관대학교,본교,대학교,사립,서울,23717.0,2505,5128,0.0,0.0,21.6
2013,성신여자대학교,본교,대학교,사립,서울,10972.0,161,411,0.0,0.0,3.7
2013,세종대학교,본교,대학교,사립,서울,12334.0,272,674,0.0,0.0,5.5
2013,숙명여자대학교,본교,대학교,사립,서울,11866.0,476,1013,0.0,0.0,8.5
2013,숭실대학교,본교,대학교,사립,서울,15651.0,774,1527,0.0,0.0,9.8
2013,연세대학교,본교,대학교,사립,서울,27173.0,2644,5881,0.0,0.0,21.6
2013,이화여자대학교,본교,대학교,사립,서울,20156.0,978,1700,0.0,0.0,8.4
2013,장로회신학대학교,본교,대학교,사립,서울,2287.0,232,837,0.0,0.0,36.6
2013,중앙대학교,본교,대학교,사립,서울,17586.0,603,1524,0.0,0.0,8.7
2013,총신대학교,본교,대학교,사립,서울,3323.0,421,1677,0.0,0.0,50.5
2013,추계예술대학교,본교,대학교,사립,서울,1322.0,0,0,0.0,0.0,0.0
2013,한국성서대학교,본교,대학교,사립,서울,1186.0,34,136,0.0,0.0,11.5
2013,한국외국어대학교,본교,대학교,사립,서울,10652.0,428,863,0.0,0.0,8.1
2013,한성대학교,본교,대학교,사립,서울,7626.0,84,229,0.0,0.0,3.0
2013,한양대학교,본교,대학교,사립,서울,20241.0,881,2138,0.0,0.0,10.6
2013,홍익대학교,본교,대학교,사립,서울,13764.0,163,571,0.0,0.0,4.1
2014,감리교신학대학교,본교,대학교,사립,서울,1435.0,150,300,450.0,1.5,20.9
2014,강서대학교,본교,대학교,사립,서울,1381.0,42,126,87.0,0.7,9.1
2014,건국대학교,본교,대학교,사립,서울,18292.0,1747,3400,4217.0,1.2,18.6
2014,경희대학교,본교,대학교,사립,서울,28280.0,2547,5667,8532.0,1.5,20.0
2014,고려대학교,본교,대학교,사립,서울,24944.0,1204,2749,3736.0,1.4,11.0
2014,광운대학교,본교,대학교,사립,서울,9923.0,32,162,161.0,1.0,1.6
2014,국민대학교,본교,대학교,사립,서울,16874.0,490,1789,3027.0,1.7,10.6
2014,덕성여자대학교,본교,대학교,사립,서울,6496.0,450,823,1137.0,1.4,12.7
2014,동국대학교,본교,대학교,사립,서울,15671.0,475,1093,1819.0,1.7,7.0
2014,동덕여자대학교,본교,대학교,사립,서울,8307.0,75,268,425.0,1.6,3.2
2014,삼육대학교,본교,대학교,사립,서울,6181.0,207,641,795.0,1.2,10.4
2014,상명대학교,본교,대학교,사립,서울,7620.0,136,590,425.0,0.7,7.7
2014,서강대학교,본교,대학교,사립,서울,10130.0,531,1222,1792.0,1.5,12.1
2014,서경대학교,본교,대학교,사립,서울,7000.0,0,0,0.0,0.0,0.0
2014,서울기독대학교,본교,대학교,사립,서울,838.0,24,92,89.0,1.0,11.0
2014,서울여자대학교,본교,대학교,사립,서울,8386.0,335,867,1568.0,1.8,10.3
2014,서울한영대학교,본교,대학교,사립,서울,871.0,16,33,28.0,0.8,3.8
2014,성공회대학교,본교,대학교,사립,서울,2423.0,58,156,175.0,1.1,6.4
2014,성균관대학교,본교,대학교,사립,서울,24241.0,2644,5389,7236.0,1.3,22.2
2014,성신여자대학교,본교,대학교,사립,서울,10890.0,301,703,863.0,1.2,6.5
2014,세종대학교,본교,대학교,사립,서울,12465.0,300,700,845.0,1.2,5.6
2014,숙명여자대학교,본교,대학교,사립,서울,11723.0,471,1018,1118.0,1.1,8.7
2014,숭실대학교,본교,대학교,사립,서울,14809.0,756,1532,1945.0,1.3,10.3
2014,연세대학교,본교,대학교,사립,서울,27628.0,3804,8448,7853.0,0.9,30.6
2014,이화여자대학교,본교,대학교,사립,서울,20193.0,966,1678,2657.0,1.6,8.3
2014,장로회신학대학교,본교,대학교,사립,서울,2264.0,206,764,877.0,1.1,33.7
2014,중앙대학교,본교,대학교,사립,서울,19268.0,588,1453,3863.0,2.7,7.5
2014,총신대학교,본교,대학교,사립,서울,3075.0,424,1689,1631.0,1.0,54.9
2014,추계예술대학교,본교,대학교,사립,서울,1277.0,0,0,0.0,0.0,0.0
2014,한국성서대학교,본교,대학교,사립,서울,1217.0,46,184,147.0,0.8,15.1
2014,한국외국어대학교,본교,대학교,사립,서울,18491.0,1483,3162,4960.0,1.6,17.1
2014,한성대학교,본교,대학교,사립,서울,7495.0,85,226,238.0,1.1,3.0
2014,한양대학교,본교,대학교,사립,서울,20202.0,876,2122,3518.0,1.7,10.5
2014,홍익대학교,본교,대학교,사립,서울,13819.0,163,571,928.0,1.6,4.1
2015,감리교신학대학교,본교,대학교,사립,서울,1421.0,150,300,386.0,1.3,21.1
2015,강서대학교,본교,대학교,사립,서울,1455.0,42,120,86.0,0.7,8.2
2015,건국대학교,본교,대학교,사립,서울,18008.0,1758,3411,4521.0,1.3,18.9
2015,경희대학교,본교,대학교,사립,서울,29019.0,2497,5561,8469.0,1.5,19.2
2015,고려대학교,본교,대학교,사립,서울,26246.0,1204,2749,4050.0,1.5,10.5
2015,광운대학교,본교,대학교,사립,서울,9417.0,32,160,162.0,1.0,1.7
2015,국민대학교,본교,대학교,사립,서울,17110.0,515,1889,2812.0,1.5,11.0
2015,덕성여자대학교,본교,대학교,사립,서울,6313.0,450,823,1202.0,1.5,13.0
2015,동국대학교,본교,대학교,사립,서울,16000.0,458,976,1748.0,1.8,6.1
2015,동덕여자대학교,본교,대학교,사립,서울,8146.0,75,268,391.0,1.5,3.3
2015,삼육대학교,본교,대학교,사립,서울,6043.0,206,679,753.0,1.1,11.2
2015,상명대학교,본교,대학교,사립,서울,7970.0,136,590,433.0,0.7,7.4
2015,서강대학교,본교,대학교,사립,서울,9977.0,531,1222,1749.0,1.4,12.2
2015,서경대학교,본교,대학교,사립,서울,7001.0,104,384,401.0,1.0,5.5
2015,서울기독대학교,본교,대학교,사립,서울,835.0,24,92,89.0,1.0,11.0
2015,서울여자대학교,본교,대학교,사립,서울,8106.0,335,867,1503.0,1.7,10.7
2015,서울한영대학교,본교,대학교,사립,서울,909.0,16,33,35.0,1.1,3.6
2015,성공회대학교,본교,대학교,사립,서울,2452.0,53,149,166.0,1.1,6.1
2015,성균관대학교,본교,대학교,사립,서울,24229.0,2793,5451,6803.0,1.2,22.5
2015,성신여자대학교,본교,대학교,사립,서울,10525.0,293,717,912.0,1.3,6.8
2015,세종대학교,본교,대학교,사립,서울,12567.0,639,1416,1628.0,1.1,11.3
2015,숙명여자대학교,본교,대학교,사립,서울,11602.0,471,1018,1033.0,1.0,8.8
2015,숭실대학교,본교,대학교,사립,서울,14455.0,792,1680,2585.0,1.5,11.6
2015,연세대학교,본교,대학교,사립,서울,27453.0,3855,8567,8768.0,1.0,31.2
2015,이화여자대학교,본교,대학교,사립,서울,19173.0,962,1676,2494.0,1.5,8.7
2015,장로회신학대학교,본교,대학교,사립,서울,2230.0,206,764,881.0,1.2,34.3
2015,중앙대학교,본교,대학교,사립,서울,20057.0,1176,2435,3786.0,1.6,12.1
2015,총신대학교,본교,대학교,사립,서울,3175.0,424,1687,1613.0,1.0,53.1
2015,추계예술대학교,본교,대학교,사립,서울,1286.0,9,20,18.0,0.9,1.6
2015,한국성서대학교,본교,대학교,사립,서울,1142.0,44,176,152.0,0.9,15.4
2015,한국외국어대학교,본교,대학교,사립,서울,18233.0,1478,3232,4813.0,1.5,17.7
2015,한성대학교,본교,대학교,사립,서울,7318.0,89,241,264.0,1.1,3.3
2015,한양대학교,본교,대학교,사립,서울,20094.0,976,2316,3759.0,1.6,11.5
2015,홍익대학교,본교,대학교,사립,서울,13749.0,163,571,1018.0,1.8,4.2
2016,감리교신학대학교,본교,대학교,사립,서울,1437.0,150,300,368.0,1.2,20.9
2016,강서대학교,본교,대학교,사립,서울,1382.0,42,120,85.0,0.7,8.7
2016,건국대학교,본교,대학교,사립,서울,17884.0,1790,3442,4077.0,1.2,19.2
2016,경희대학교,본교,대학교,사립,서울,28973.0,2466,5488,8307.0,1.5,18.9
2016,고려대학교,본교,대학교,사립,서울,26379.0,1204,2749,3817.0,1.4,10.4
2016,광운대학교,본교,대학교,사립,서울,9115.0,32,160,123.0,0.8,1.8
2016,국민대학교,본교,대학교,사립,서울,16597.0,613,2085,3612.0,1.7,12.6
2016,덕성여자대학교,본교,대학교,사립,서울,6079.0,450,823,1252.0,1.5,13.5
2016,동국대학교,본교,대학교,사립,서울,15763.0,685,1419,2137.0,1.5,9.0
2016,동덕여자대학교,본교,대학교,사립,서울,7247.0,75,268,391.0,1.5,3.7
2016,삼육대학교,본교,대학교,사립,서울,5959.0,208,766,700.0,0.9,12.9
2016,상명대학교,본교,대학교,사립,서울,7559.0,183,711,535.0,0.8,9.4
2016,서강대학교,본교,대학교,사립,서울,9840.0,531,1222,1613.0,1.3,12.4
2016,서경대학교,본교,대학교,사립,서울,6471.0,104,384,451.0,1.2,5.9
2016,서울기독대학교,본교,대학교,사립,서울,743.0,24,92,93.0,1.0,12.4
2016,서울여자대학교,본교,대학교,사립,서울,7942.0,335,867,1504.0,1.7,10.9
2016,서울한영대학교,본교,대학교,사립,서울,805.0,6,18,17.0,0.9,2.2
2016,성공회대학교,본교,대학교,사립,서울,2267.0,53,149,168.0,1.1,6.6
2016,성균관대학교,본교,대학교,사립,서울,23965.0,2798,5429,7965.0,1.5,22.7
2016,성신여자대학교,본교,대학교,사립,서울,10120.0,284,727,1092.0,1.5,7.2
2016,세종대학교,본교,대학교,사립,서울,12518.0,667,1453,2240.0,1.5,11.6
2016,숙명여자대학교,본교,대학교,사립,서울,11397.0,512,1076,1126.0,1.0,9.4
2016,숭실대학교,본교,대학교,사립,서울,14076.0,802,1684,2523.0,1.5,12.0
2016,연세대학교,본교,대학교,사립,서울,27321.0,3836,8596,10149.0,1.2,31.5
2016,이화여자대학교,본교,대학교,사립,서울,19424.0,1115,2188,2858.0,1.3,11.3
2016,장로회신학대학교,본교,대학교,사립,서울,2244.0,206,764,800.0,1.0,34.0
2016,중앙대학교,본교,대학교,사립,서울,20364.0,1176,2435,4579.0,1.9,12.0
2016,총신대학교,본교,대학교,사립,서울,3196.0,411,1635,1542.0,0.9,51.2
2016,추계예술대학교,본교,대학교,사립,서울,1290.0,18,38,29.0,0.8,2.9
2016,한국성서대학교,본교,대학교,사립,서울,1050.0,44,176,199.0,1.1,16.8
2016,한국외국어대학교,본교,대학교,사립,서울,18325.0,1483,3054,5223.0,1.7,16.7
2016,한성대학교,본교,대학교,사립,서울,6929.0,84,239,282.0,1.2,3.4
2016,한양대학교,본교,대학교,사립,서울,20328.0,980,2296,2981.0,1.3,11.3
2016,홍익대학교,본교,대학교,사립,서울,13956.0,683,1578,2578.0,1.6,11.3
2017,감리교신학대학교,본교,대학교,사립,서울,1403.0,150,300,382.0,1.3,21.4
2017,강서대학교,본교,대학교,사립,서울,1353.0,42,120,81.0,0.7,8.9
2017,건국대학교,본교,대학교,사립,서울,17844.0,1728,3309,4463.0,1.3,18.5
2017,경희대학교,본교,대학교,사립,서울,28736.0,2509,5547,7693.0,1.4,19.3
2017,고려대학교,본교,대학교,사립,서울,26754.0,1281,2751,4067.0,1.5,10.3
2017,광운대학교,본교,대학교,사립,서울,8805.0,32,160,131.0,0.8,1.8
2017,국민대학교,본교,대학교,사립,서울,16349.0,544,1825,3110.0,1.7,11.2
2017,덕성여자대학교,본교,대학교,사립,서울,5913.0,439,779,1258.0,1.6,13.2
2017,동국대학교,본교,대학교,사립,서울,15764.0,685,1419,2566.0,1.8,9.0
2017,동덕여자대학교,본교,대학교,사립,서울,6963.0,75,268,399.0,1.5,3.8
2017,삼육대학교,본교,대학교,사립,서울,5938.0,208,766,718.0,0.9,12.9
2017,상명대학교,본교,대학교,사립,서울,7500.0,215,800,813.0,1.0,10.7
2017,서강대학교,본교,대학교,사립,서울,9887.0,531,1222,1649.0,1.3,12.4
2017,서경대학교,본교,대학교,사립,서울,6523.0,104,384,439.0,1.1,5.9
2017,서울기독대학교,본교,대학교,사립,서울,701.0,24,92,120.0,1.3,13.1
2017,서울여자대학교,본교,대학교,사립,서울,7539.0,311,801,1549.0,1.9,10.6
2017,서울한영대학교,본교,대학교,사립,서울,757.0,25,100,21.0,0.2,13.2
2017,성공회대학교,본교,대학교,사립,서울,2259.0,53,149,163.0,1.1,6.6
2017,성균관대학교,본교,대학교,사립,서울,24068.0,2756,5371,6440.0,1.2,22.3
2017,성신여자대학교,본교,대학교,사립,서울,9716.0,323,817,1156.0,1.4,8.4
2017,세종대학교,본교,대학교,사립,서울,12718.0,642,1403,2567.0,1.8,11.0
2017,숙명여자대학교,본교,대학교,사립,서울,11069.0,556,1223,1315.0,1.1,11.0
2017,숭실대학교,본교,대학교,사립,서울,14134.0,785,1611,2663.0,1.7,11.4
2017,연세대학교,본교,대학교,사립,서울,27064.0,4323,9570,9554.0,1.0,35.4
2017,이화여자대학교,본교,대학교,사립,서울,19475.0,2426,4284,5595.0,1.3,22.0
2017,장로회신학대학교,본교,대학교,사립,서울,2230.0,205,760,661.0,0.9,34.1
2017,중앙대학교,본교,대학교,사립,서울,21049.0,1258,2599,4893.0,1.9,12.3
2017,총신대학교,본교,대학교,사립,서울,3171.0,411,1635,1484.0,0.9,51.6
2017,추계예술대학교,본교,대학교,사립,서울,1305.0,39,94,36.0,0.4,7.2
2017,한국성서대학교,본교,대학교,사립,서울,982.0,43,172,165.0,1.0,17.5
2017,한국외국어대학교,본교,대학교,사립,서울,18674.0,1415,2940,5496.0,1.9,15.7
2017,한성대학교,본교,대학교,사립,서울,6626.0,123,443,357.0,0.8,6.7
2017,한양대학교,본교,대학교,사립,서울,20119.0,1104,2524,3458.0,1.4,12.5
2017,홍익대학교,본교,대학교,사립,서울,13871.0,680,1575,2365.0,1.5,11.4
2018,감리교신학대학교,본교,대학교,사립,서울,1404.0,150,300,382.0,1.3,21.4
2018,강서대학교,본교,대학교,사립,서울,1404.0,42,120,90.0,0.8,8.5
2018,건국대학교,본교,대학교,사립,서울,17882.0,1728,3309,4564.0,1.4,18.5
2018,경희대학교,본교,대학교,사립,서울,29190.0,2897,6234,9486.0,1.5,21.4
2018,고려대학교,본교,대학교,사립,서울,26586.0,1331,2851,4264.0,1.5,10.7
2018,광운대학교,본교,대학교,사립,서울,8547.0,507,1041,1536.0,1.5,12.2
2018,국민대학교,본교,대학교,사립,서울,16157.0,544,1825,3166.0,1.7,11.3
2018,덕성여자대학교,본교,대학교,사립,서울,5872.0,430,740,1381.0,1.9,12.6
2018,동국대학교,본교,대학교,사립,서울,15566.0,727,1502,2340.0,1.6,9.6
2018,동덕여자대학교,본교,대학교,사립,서울,6869.0,182,696,791.0,1.1,10.1
2018,삼육대학교,본교,대학교,사립,서울,6017.0,252,942,987.0,1.0,15.7
2018,상명대학교,본교,대학교,사립,서울,7290.0,192,754,833.0,1.1,10.3
2018,서강대학교,본교,대학교,사립,서울,10125.0,531,1222,1719.0,1.4,12.1
2018,서경대학교,본교,대학교,사립,서울,6415.0,89,324,479.0,1.5,5.1
2018,서울기독대학교,본교,대학교,사립,서울,739.0,24,92,143.0,1.6,12.4
2018,서울여자대학교,본교,대학교,사립,서울,7459.0,320,828,1530.0,1.8,11.1
2018,서울한영대학교,본교,대학교,사립,서울,709.0,24,108,26.0,0.2,15.2
2018,성공회대학교,본교,대학교,사립,서울,2147.0,53,149,183.0,1.2,6.9
2018,성균관대학교,본교,대학교,사립,서울,24292.0,2711,5280,6691.0,1.3,21.7
2018,성신여자대학교,본교,대학교,사립,서울,9600.0,390,954,1378.0,1.4,9.9
2018,세종대학교,본교,대학교,사립,서울,12756.0,515,1405,2131.0,1.5,11.0
2018,숙명여자대학교,본교,대학교,사립,서울,10968.0,528,1131,1333.0,1.2,10.3
2018,숭실대학교,본교,대학교,사립,서울,14155.0,796,1666,2467.0,1.5,11.8
2018,연세대학교,본교,대학교,사립,서울,26980.0,4318,9492,9299.0,1.0,35.2
2018,이화여자대학교,본교,대학교,사립,서울,19650.0,2411,4210,7444.0,1.8,21.4
2018,장로회신학대학교,본교,대학교,사립,서울,2164.0,194,694,633.0,0.9,32.1
2018,중앙대학교,본교,대학교,사립,서울,21712.0,1209,2509,5255.0,2.1,11.6
2018,총신대학교,본교,대학교,사립,서울,3061.0,411,1635,1475.0,0.9,53.4
2018,추계예술대학교,본교,대학교,사립,서울,1243.0,39,94,37.0,0.4,7.6
2018,한국성서대학교,본교,대학교,사립,서울,1140.0,43,172,162.0,0.9,15.1
2018,한국외국어대학교,본교,대학교,사립,서울,18994.0,1459,3052,5338.0,1.7,16.1
2018,한성대학교,본교,대학교,사립,서울,6671.0,109,426,168.0,0.4,6.4
2018,한양대학교,본교,대학교,사립,서울,19699.0,1055,2402,4011.0,1.7,12.2
2018,홍익대학교,본교,대학교,사립,서울,13808.0,784,1779,2880.0,1.6,12.9
2019,감리교신학대학교,본교,대학교,사립,서울,1417.0,150,300,362.0,1.2,21.2
2019,강서대학교,본교,대학교,사립,서울,1340.0,42,126,117.0,0.9,9.4
2019,건국대학교,본교,대학교,사립,서울,17843.0,1728,3309,4359.0,1.3,18.5
2019,경희대학교,본교,대학교,사립,서울,29799.0,3004,6365,9060.0,1.4,21.4
2019,고려대학교,본교,대학교,사립,서울,26590.0,1331,2851,4359.0,1.5,10.7
2019,광운대학교,본교,대학교,사립,서울,8671.0,503,1013,1542.0,1.5,11.7
2019,국민대학교,본교,대학교,사립,서울,16408.0,629,1910,3293.0,1.7,11.6
2019,덕성여자대학교,본교,대학교,사립,서울,5745.0,431,753,1243.0,1.7,13.1
2019,동국대학교,본교,대학교,사립,서울,15648.0,755,1578,2478.0,1.6,10.1
2019,동덕여자대학교,본교,대학교,사립,서울,6831.0,192,756,739.0,1.0,11.1
2019,삼육대학교,본교,대학교,사립,서울,5861.0,382,1349,1274.0,0.9,23.0
2019,상명대학교,본교,대학교,사립,서울,7320.0,192,754,968.0,1.3,10.3
2019,서강대학교,본교,대학교,사립,서울,10107.0,564,1292,1846.0,1.4,12.8
2019,서경대학교,본교,대학교,사립,서울,6454.0,89,324,394.0,1.2,5.0
2019,서울기독대학교,본교,대학교,사립,서울,654.0,24,92,121.0,1.3,14.1
2019,서울여자대학교,본교,대학교,사립,서울,7299.0,348,883,1503.0,1.7,12.1
2019,서울한영대학교,본교,대학교,사립,서울,727.0,24,108,29.0,0.3,14.9
2019,성공회대학교,본교,대학교,사립,서울,2167.0,223,459,396.0,0.9,21.2
2019,성균관대학교,본교,대학교,사립,서울,24738.0,2711,5280,6674.0,1.3,21.3
2019,성신여자대학교,본교,대학교,사립,서울,9549.0,389,934,1281.0,1.4,9.8
2019,세종대학교,본교,대학교,사립,서울,12688.0,526,1417,2685.0,1.9,11.2
2019,숙명여자대학교,본교,대학교,사립,서울,10930.0,604,1290,1446.0,1.1,11.8
2019,숭실대학교,본교,대학교,사립,서울,14231.0,805,1702,2802.0,1.6,12.0
2019,연세대학교,본교,대학교,사립,서울,26266.0,4210,9630,10204.0,1.1,36.7
2019,이화여자대학교,본교,대학교,사립,서울,19709.0,2502,4372,8352.0,1.9,22.2
2019,장로회신학대학교,본교,대학교,사립,서울,2069.0,185,658,767.0,1.2,31.8
2019,중앙대학교,본교,대학교,사립,서울,21894.0,1300,2689,4729.0,1.8,12.3
2019,총신대학교,본교,대학교,사립,서울,3096.0,411,1635,1398.0,0.9,52.8
2019,추계예술대학교,본교,대학교,사립,서울,1246.0,39,94,35.0,0.4,7.5
2019,한국성서대학교,본교,대학교,사립,서울,1126.0,43,172,163.0,0.9,15.3
2019,한국외국어대학교,본교,대학교,사립,서울,19240.0,1652,3443,6662.0,1.9,17.9
2019,한성대학교,본교,대학교,사립,서울,6738.0,291,757,714.0,0.9,11.2
2019,한양대학교,본교,대학교,사립,서울,19906.0,1015,2322,3476.0,1.5,11.7
2019,홍익대학교,본교,대학교,사립,서울,14100.0,801,1811,2343.0,1.3,12.8
2020,감리교신학대학교,본교,대학교,사립,서울,1403.0,150,300,72.0,0.2,21.4
2020,강서대학교,본교,대학교,사립,서울,1328.0,32,96,112.0,1.2,7.2
2020,건국대학교,본교,대학교,사립,서울,17520.0,1728,3309,4138.0,1.3,18.9
2020,경희대학교,본교,대학교,사립,서울,28793.0,2857,5943,8131.0,1.4,20.6
2020,고려대학교,본교,대학교,사립,서울,26307.0,1331,2851,4401.0,1.5,10.8
2020,광운대학교,본교,대학교,사립,서울,8631.0,515,1067,1446.0,1.4,12.4
2020,국민대학교,본교,대학교,사립,서울,15922.0,616,1858,3035.0,1.6,11.7
2020,덕성여자대학교,본교,대학교,사립,서울,5629.0,472,861,1164.0,1.4,15.3
2020,동국대학교,본교,대학교,사립,서울,15659.0,820,1782,2236.0,1.3,11.4
2020,동덕여자대학교,본교,대학교,사립,서울,7062.0,193,758,30.0,0.0,10.7
2020,삼육대학교,본교,대학교,사립,서울,5937.0,508,1575,1222.0,0.8,26.5
2020,상명대학교,본교,대학교,사립,서울,7307.0,192,754,741.0,1.0,10.3
2020,서강대학교,본교,대학교,사립,서울,9936.0,563,1292,1669.0,1.3,13.0
2020,서경대학교,본교,대학교,사립,서울,6121.0,176,680,543.0,0.8,11.1
2020,서울기독대학교,본교,대학교,사립,서울,614.0,0,0,0.0,0.0,0.0
2020,서울여자대학교,본교,대학교,사립,서울,7313.0,348,883,1463.0,1.7,12.1
2020,서울한영대학교,본교,대학교,사립,서울,754.0,24,108,29.0,0.3,14.3
2020,성공회대학교,본교,대학교,사립,서울,2184.0,223,487,319.0,0.7,22.3
2020,성균관대학교,본교,대학교,사립,서울,24638.0,2711,5280,6724.0,1.3,21.4
2020,성신여자대학교,본교,대학교,사립,서울,9302.0,373,902,1270.0,1.4,9.7
2020,세종대학교,본교,대학교,사립,서울,12927.0,544,1427,2331.0,1.6,11.0
2020,숙명여자대학교,본교,대학교,사립,서울,10703.0,622,1342,1450.0,1.1,12.5
2020,숭실대학교,본교,대학교,사립,서울,14815.0,803,1700,2724.0,1.6,11.5
2020,연세대학교,본교,대학교,사립,서울,26353.0,4213,9634,5083.0,0.5,36.6
2020,이화여자대학교,본교,대학교,사립,서울,19083.0,2497,4362,984.0,0.2,22.9
2020,장로회신학대학교,본교,대학교,사립,서울,2024.0,185,658,731.0,1.1,32.5
2020,중앙대학교,본교,대학교,사립,서울,22160.0,1295,2679,4962.0,1.9,12.1
2020,총신대학교,본교,대학교,사립,서울,3146.0,408,1623,1390.0,0.9,51.6
2020,추계예술대학교,본교,대학교,사립,서울,1193.0,63,166,30.0,0.2,13.9
2020,한국성서대학교,본교,대학교,사립,서울,1094.0,42,168,152.0,0.9,15.4
2020,한국외국어대학교,본교,대학교,사립,서울,18935.0,1785,3709,6595.0,1.8,19.6
2020,한성대학교,본교,대학교,사립,서울,6717.0,292,745,930.0,1.2,11.1
2020,한양대학교,본교,대학교,사립,서울,19557.0,1022,2326,3335.0,1.4,11.9
2020,홍익대학교,본교,대학교,사립,서울,13764.0,816,1841,2990.0,1.6,13.4
2021,감리교신학대학교,본교,대학교,사립,서울,1327.0,150,300,149.0,0.5,22.6
2021,강서대학교,본교,대학교,사립,서울,1654.0,32,96,43.0,0.4,5.8
2021,건국대학교,본교,대학교,사립,서울,17544.0,1728,3309,2976.0,0.9,18.9
2021,경희대학교,본교,대학교,사립,서울,29827.0,2634,5105,4690.0,0.9,17.1
2021,고려대학교,본교,대학교,사립,서울,26232.0,1512,3205,4003.0,1.2,12.2
2021,광운대학교,본교,대학교,사립,서울,8873.0,517,1069,1089.0,1.0,12.0
2021,국민대학교,본교,대학교,사립,서울,16207.0,616,1858,2460.0,1.3,11.5
2021,덕성여자대학교,본교,대학교,사립,서울,5731.0,470,750,799.0,1.1,13.1
2021,동국대학교,본교,대학교,사립,서울,15550.0,819,1782,1723.0,1.0,11.5
2021,동덕여자대학교,본교,대학교,사립,서울,7273.0,193,758,293.0,0.4,10.4
2021,삼육대학교,본교,대학교,사립,서울,5827.0,508,1575,731.0,0.5,27.0
2021,상명대학교,본교,대학교,사립,서울,7249.0,189,614,314.0,0.5,8.5
2021,서강대학교,본교,대학교,사립,서울,10067.0,559,1284,1180.0,0.9,12.8
2021,서경대학교,본교,대학교,사립,서울,6334.0,176,680,373.0,0.5,10.7
2021,서울기독대학교,본교,대학교,사립,서울,569.0,24,92,0.0,0.0,16.2
2021,서울여자대학교,본교,대학교,사립,서울,7294.0,348,883,1103.0,1.2,12.1
2021,서울한영대학교,본교,대학교,사립,서울,743.0,24,108,10.0,0.1,14.5
2021,성공회대학교,본교,대학교,사립,서울,2134.0,223,444,382.0,0.9,20.8
2021,성균관대학교,본교,대학교,사립,서울,24918.0,2711,5280,4591.0,0.9,21.2
2021,성신여자대학교,본교,대학교,사립,서울,9742.0,431,1049,1233.0,1.2,10.8
2021,세종대학교,본교,대학교,사립,서울,13720.0,628,1511,1716.0,1.1,11.0
2021,숙명여자대학교,본교,대학교,사립,서울,10744.0,599,1282,1120.0,0.9,11.9
2021,숭실대학교,본교,대학교,사립,서울,14993.0,822,1736,1473.0,0.8,11.6
2021,연세대학교,본교,대학교,사립,서울,26809.0,4233,9661,3130.0,0.3,36.0
2021,이화여자대학교,본교,대학교,사립,서울,19510.0,2427,4227,5128.0,1.2,21.7
2021,장로회신학대학교,본교,대학교,사립,서울,2000.0,177,642,375.0,0.6,32.1
2021,중앙대학교,본교,대학교,사립,서울,21496.0,1364,2817,6442.0,2.3,13.1
2021,총신대학교,본교,대학교,사립,서울,3087.0,404,1607,273.0,0.2,52.1
2021,추계예술대학교,본교,대학교,사립,서울,1235.0,78,178,41.0,0.2,14.4
2021,한국성서대학교,본교,대학교,사립,서울,1107.0,42,168,112.0,0.7,15.2
2021,한국외국어대학교,본교,대학교,사립,서울,19024.0,1650,3439,5588.0,1.6,18.1
2021,한성대학교,본교,대학교,사립,서울,6680.0,339,839,576.0,0.7,12.6
2021,한양대학교,본교,대학교,사립,서울,20961.0,1021,2324,3091.0,1.3,11.1
2021,홍익대학교,본교,대학교,사립,서울,13462.0,826,1861,2018.0,1.1,13.8
2022,감리교신학대학교,본교,대학교,사립,서울,1153.0,150,300,225.0,0.8,26.0
2022,강서대학교,본교,대학교,사립,서울,1551.0,37,121,64.0,0.5,7.8
2022,건국대학교,본교,대학교,사립,서울,17162.0,1728,3309,3906.0,1.2,19.3
2022,경희대학교,본교,대학교,사립,서울,29673.0,2640,5117,6271.0,1.2,17.2
2022,고려대학교,본교,대학교,사립,서울,26022.0,1462,3105,3891.0,1.3,11.9
2022,광운대학교,본교,대학교,사립,서울,8791.0,517,1069,1228.0,1.1,12.2
2022,국민대학교,본교,대학교,사립,서울,15630.0,619,1857,2970.0,1.6,11.9
2022,덕성여자대학교,본교,대학교,사립,서울,5395.0,470,853,1124.0,1.3,15.8
2022,동국대학교,본교,대학교,사립,서울,15079.0,819,2116,2473.0,1.2,14.0
2022,동덕여자대학교,본교,대학교,사립,서울,6975.0,193,758,464.0,0.6,10.9
2022,삼육대학교,본교,대학교,사립,서울,5827.0,506,1358,950.0,0.7,23.3
2022,상명대학교,본교,대학교,사립,서울,6972.0,202,609,653.0,1.1,8.7
2022,서강대학교,본교,대학교,사립,서울,10056.0,562,1294,1478.0,1.1,12.9
2022,서경대학교,본교,대학교,사립,서울,6229.0,176,680,552.0,0.8,10.9
2022,서울기독대학교,본교,대학교,사립,서울,501.0,24,92,0.0,0.0,18.4
2022,서울여자대학교,본교,대학교,사립,서울,7199.0,348,883,1418.0,1.6,12.3
2022,서울한영대학교,본교,대학교,사립,서울,739.0,24,108,11.0,0.1,14.6
2022,성공회대학교,본교,대학교,사립,서울,2009.0,223,444,518.0,1.2,22.1
2022,성균관대학교,본교,대학교,사립,서울,24356.0,2716,5227,6718.0,1.3,21.5
2022,성신여자대학교,본교,대학교,사립,서울,9339.0,426,1038,1434.0,1.4,11.1
2022,세종대학교,본교,대학교,사립,서울,13033.0,630,1506,1977.0,1.3,11.6
2022,숙명여자대학교,본교,대학교,사립,서울,10419.0,602,1283,1627.0,1.3,12.3
2022,숭실대학교,본교,대학교,사립,서울,15116.0,822,1736,1843.0,1.1,11.5
2022,연세대학교,본교,대학교,사립,서울,27153.0,4242,9685,7233.0,0.7,35.7
2022,이화여자대학교,본교,대학교,사립,서울,19100.0,2433,4269,6123.0,1.4,22.4
2022,장로회신학대학교,본교,대학교,사립,서울,1967.0,177,642,447.0,0.7,32.6
2022,중앙대학교,본교,대학교,사립,서울,21866.0,1364,2817,5469.0,1.9,12.9
2022,총신대학교,본교,대학교,사립,서울,2901.0,404,1607,276.0,0.2,55.4
2022,추계예술대학교,본교,대학교,사립,서울,1285.0,68,172,48.0,0.3,13.4
2022,한국성서대학교,본교,대학교,사립,서울,1018.0,42,168,126.0,0.8,16.5
2022,한국외국어대학교,본교,대학교,사립,서울,18201.0,1638,3424,5873.0,1.7,18.8
2022,한성대학교,본교,대학교,사립,서울,6793.0,339,839,801.0,1.0,12.4
2022,한양대학교,본교,대학교,사립,서울,20602.0,1038,2354,3178.0,1.4,11.4
2022,홍익대학교,본교,대학교,사립,서울,14022.0,817,1845,2384.0,1.3,13.2
2023,감리교신학대학교,본교,대학교,사립,서울,1181.0,150,300,267.0,0.9,25.4
2023,강서대학교,본교,대학교,사립,서울,1660.0,85,208,0.0,0.0,12.5
2023,건국대학교,본교,대학교,사립,서울,17364.0,1728,3309,4069.0,1.2,19.1
2023,경희대학교,본교,대학교,사립,서울,29364.0,2598,5031,7352.0,1.5,17.1
2023,고려대학교,본교,대학교,사립,서울,26665.0,1540,3205,4389.0,1.4,12.0
2023,광운대학교,본교,대학교,사립,서울,8733.0,517,1069,1369.0,1.3,12.2
2023,국민대학교,본교,대학교,사립,서울,15914.0,619,1857,4182.0,2.3,11.7
2023,덕성여자대학교,본교,대학교,사립,서울,5575.0,468,851,1429.0,1.7,15.3
2023,동국대학교,본교,대학교,사립,서울,15387.0,818,2116,2777.0,1.3,13.8
2023,동덕여자대학교,본교,대학교,사립,서울,6805.0,203,798,610.0,0.8,11.7
2023,삼육대학교,본교,대학교,사립,서울,6113.0,507,1352,1318.0,1.0,22.1
2023,상명대학교,본교,대학교,사립,서울,6992.0,202,609,643.0,1.1,8.7
2023,서강대학교,본교,대학교,사립,서울,10377.0,558,1284,1841.0,1.4,12.4
2023,서경대학교,본교,대학교,사립,서울,6228.0,176,694,658.0,0.9,11.1
2023,서울기독대학교,본교,대학교,사립,서울,403.0,22,66,12.0,0.2,16.4
2023,서울여자대학교,본교,대학교,사립,서울,7221.0,348,883,1545.0,1.7,12.2
2023,서울한영대학교,본교,대학교,사립,서울,707.0,24,108,22.0,0.2,15.3
2023,성공회대학교,본교,대학교,사립,서울,2100.0,223,444,663.0,1.5,21.1
2023,성균관대학교,본교,대학교,사립,서울,25452.0,2716,5227,7595.0,1.5,20.5
2023,성신여자대학교,본교,대학교,사립,서울,9666.0,424,1000,1490.0,1.5,10.3
2023,세종대학교,본교,대학교,사립,서울,13865.0,629,1542,2524.0,1.6,11.1
2023,숙명여자대학교,본교,대학교,사립,서울,10897.0,609,1290,1601.0,1.2,11.8
2023,숭실대학교,본교,대학교,사립,서울,15714.0,822,1736,2459.0,1.4,11.0
2023,연세대학교,본교,대학교,사립,서울,28411.0,4263,10134,10055.0,1.0,35.7
2023,이화여자대학교,본교,대학교,사립,서울,19823.0,2470,4343,9046.0,2.1,21.9
2023,장로회신학대학교,본교,대학교,사립,서울,1948.0,177,642,539.0,0.8,33.0
2023,중앙대학교,본교,대학교,사립,서울,22421.0,1375,2838,5466.0,1.9,12.7
2023,총신대학교,본교,대학교,사립,서울,2715.0,385,1398,1076.0,0.8,51.5
2023,추계예술대학교,본교,대학교,사립,서울,1319.0,69,174,63.0,0.4,13.2
2023,한국성서대학교,본교,대학교,사립,서울,1013.0,42,168,130.0,0.8,16.6
2023,한국외국어대학교,본교,대학교,사립,서울,18381.0,1635,3416,5716.0,1.7,18.6
2023,한성대학교,본교,대학교,사립,서울,6892.0,339,839,788.0,0.9,12.2
2023,한양대학교,본교,대학교,사립,서울,21158.0,1039,2358,3409.0,1.4,11.1
2023,홍익대학교,본교,대학교,사립,서울,14232.0,827,1847,2951.0,1.6,13.0
2024,감리교신학대학교,본교,대학교,사립,서울,1205.0,150,300,254.0,0.8,24.9
2024,강서대학교,본교,대학교,사립,서울,1778.0,92,208,0.0,0.0,11.7
2024,건국대학교,본교,대학교,사립,서울,17649.0,1728,3309,4606.0,1.4,18.7
2024,경희대학교,본교,대학교,사립,서울,28439.0,2559,4966,7526.0,1.5,17.5
2024,고려대학교,본교,대학교,사립,서울,26955.0,1584,3283,4665.0,1.4,12.2
2024,광운대학교,본교,대학교,사립,서울,8683.0,517,1069,1377.0,1.3,12.3
2024,국민대학교,본교,대학교,사립,서울,15800.0,778,2131,4443.0,2.1,13.5
2024,덕성여자대학교,본교,대학교,사립,서울,5552.0,465,848,1419.0,1.7,15.3
2024,동국대학교,본교,대학교,사립,서울,15823.0,871,2221,2961.0,1.3,14.0
2024,동덕여자대학교,본교,대학교,사립,서울,7172.0,203,798,622.0,0.8,11.1
2024,삼육대학교,본교,대학교,사립,서울,5841.0,508,1352,1155.0,0.9,23.1
2024,상명대학교,본교,대학교,사립,서울,6743.0,202,609,658.0,1.1,9.0
2024,서강대학교,본교,대학교,사립,서울,10739.0,549,1268,1935.0,1.5,11.8
2024,서경대학교,본교,대학교,사립,서울,6430.0,192,712,716.0,1.0,11.1
2024,서울기독대학교,본교,대학교,사립,서울,472.0,22,66,18.0,0.3,14.0
2024,서울여자대학교,본교,대학교,사립,서울,7418.0,329,845,1509.0,1.8,11.4
2024,서울한영대학교,본교,대학교,사립,서울,682.0,24,108,21.0,0.2,15.8
2024,성공회대학교,본교,대학교,사립,서울,2101.0,223,444,523.0,1.2,21.1
2024,성균관대학교,본교,대학교,사립,서울,25323.0,2710,5218,7329.0,1.4,20.6
2024,성신여자대학교,본교,대학교,사립,서울,9664.0,452,1021,1540.0,1.5,10.6
2024,세종대학교,본교,대학교,사립,서울,14464.0,648,1600,2346.0,1.5,11.1
2024,숙명여자대학교,본교,대학교,사립,서울,10820.0,546,1286,1279.0,1.0,11.9
2024,숭실대학교,본교,대학교,사립,서울,15769.0,822,1736,2763.0,1.6,11.0
2024,연세대학교,본교,대학교,사립,서울,28436.0,4242,10012,11263.0,1.1,35.2
2024,이화여자대학교,본교,대학교,사립,서울,19993.0,2479,4364,6693.0,1.5,21.8
2024,장로회신학대학교,본교,대학교,사립,서울,1984.0,177,642,611.0,1.0,32.4
2024,중앙대학교,본교,대학교,사립,서울,20864.0,1309,2706,5222.0,1.9,13.0
2024,총신대학교,본교,대학교,사립,서울,2775.0,385,1327,1091.0,0.8,47.8
2024,추계예술대학교,본교,대학교,사립,서울,1250.0,68,182,64.0,0.4,14.6
2024,한국성서대학교,본교,대학교,사립,서울,979.0,42,168,153.0,0.9,17.2
2024,한국외국어대학교,본교,대학교,사립,서울,18516.0,1638,3420,5357.0,1.6,18.5
2024,한성대학교,본교,대학교,사립,서울,6903.0,291,717,783.0,1.1,10.4
2024,한양대학교,본교,대학교,사립,서울,21111.0,1041,2363,3693.0,1.6,11.2
2024,홍익대학교,본교,대학교,사립,서울,13914.0,825,1857,2955.0,1.6,13.3
2025,감리교신학대학교,본교,대학교,사립,서울,1207.0,140,280,244.0,0.9,23.2
2025,강서대학교,본교,대학교,사립,서울,1856.0,92,208,103.0,0.5,11.2
2025,건국대학교,본교,대학교,사립,서울,18215.0,1679,3113,4495.0,1.4,17.1
2025,경희대학교,본교,대학교,사립,서울,28963.0,2539,4946,7505.0,1.5,17.1
2025,고려대학교,본교,대학교,사립,서울,28662.0,1592,3301,4429.0,1.3,11.5
2025,광운대학교,본교,대학교,사립,서울,8710.0,517,1069,1392.0,1.3,12.3
2025,국민대학교,본교,대학교,사립,서울,15996.0,791,2130,4441.0,2.1,13.3
2025,덕성여자대학교,본교,대학교,사립,서울,5737.0,468,880,1392.0,1.6,15.3
2025,동국대학교,본교,대학교,사립,서울,16213.0,871,2221,2721.0,1.2,13.7
2025,동덕여자대학교,본교,대학교,사립,서울,6278.0,203,798,562.0,0.7,12.7
2025,삼육대학교,본교,대학교,사립,서울,5835.0,508,1229,1148.0,0.9,21.1
2025,상명대학교,본교,대학교,사립,서울,6891.0,202,610,762.0,1.2,8.9
2025,서강대학교,본교,대학교,사립,서울,11217.0,548,1264,1881.0,1.5,11.3
2025,서경대학교,본교,대학교,사립,서울,6686.0,257,814,942.0,1.2,12.2
2025,서울기독대학교,본교,대학교,사립,서울,1404.0,23,89,14.0,0.2,6.3
2025,서울여자대학교,본교,대학교,사립,서울,7920.0,354,915,1602.0,1.8,11.6
2025,서울한영대학교,본교,대학교,사립,서울,855.0,24,108,22.0,0.2,12.6
2025,성공회대학교,본교,대학교,사립,서울,2293.0,223,444,453.0,1.0,19.4
2025,성균관대학교,본교,대학교,사립,서울,25782.0,2710,5218,7587.0,1.5,20.2
2025,성신여자대학교,본교,대학교,사립,서울,9761.0,456,993,1560.0,1.6,10.2
2025,세종대학교,본교,대학교,사립,서울,15333.0,695,1751,1338.0,0.8,11.4
2025,숙명여자대학교,본교,대학교,사립,서울,10625.0,583,1279,1472.0,1.2,12.0
2025,숭실대학교,본교,대학교,사립,서울,15029.0,822,1736,2596.0,1.5,11.6
2025,연세대학교,본교,대학교,사립,서울,28672.0,4255,10044,11312.0,1.1,35.0
2025,이화여자대학교,본교,대학교,사립,서울,20730.0,2482,4370,6996.0,1.6,21.1
2025,장로회신학대학교,본교,대학교,사립,서울,1970.0,177,642,572.0,0.9,32.6
2025,중앙대학교,본교,대학교,사립,서울,21202.0,1299,2687,6319.0,2.4,12.7
2025,총신대학교,본교,대학교,사립,서울,2812.0,374,1289,1204.0,0.9,45.8
2025,추계예술대학교,본교,대학교,사립,서울,1255.0,68,182,107.0,0.6,14.5
2025,한국성서대학교,본교,대학교,사립,서울,968.0,43,172,136.0,0.8,17.8
2025,한국외국어대학교,본교,대학교,사립,서울,18834.0,1643,3431,5115.0,1.5,18.2
2025,한성대학교,본교,대학교,사립,서울,6828.0,298,715,501.0,0.7,10.5
2025,한양대학교,본교,대학교,사립,서울,22092.0,1611,3457,4364.0,1.3,15.6
2025,홍익대학교,본교,대학교,사립,서울,14129.0,679,1354,3114.0,2.3,9.6
